title,views,days_ago,upload_time
"Become a Cryptocurrency Millionaire With $1,000?","672,620",1095,"14 minutes, 10 seconds"
$5k Per Month Staking and DeFi Strategy - Crypto Passive Income üí•,"634,097",1095,16 minutes
Be Ahead of the Herd (this will change your life),"464,537",1095,17 minutes
Cardano to $10 - ADA Can Make You A Millionaire!,"397,622",1095,20 minutes
PancakeSwap Tutorial - Fees Under 50 Cents!! Binance Smart Chain,"379,774",1095,20 minutes
Altcoins I'm Buying! $1k to $10k Trading Series Ep 3,"299,560",1095,"14 minutes, 8 seconds"
Altcoins I'm Buying! $1k to $10k Trading Series Ep 4 üöÄ,"288,674",1095,"12 minutes, 54 seconds"
Altcoins I'm Buying!! $1k to $10k Crypto Trading Challenge Ep 2,"281,885",1095,18 minutes
CRYPTO DIP - THE PERFECT STORM IS COMING,"267,501",1095,"13 minutes, 27 seconds"
10 Crypto Gaming Altcoins to Watch üëÄ,"263,231",1095,25 minutes
HOW I INVEST IN CRYPTO FOR LONG TERM SUCCESS!! Dollar-Cost Averaging Explained,"261,808",1095,15 minutes
ELON MUSK BUYING CARDANO ADA!? MARY HARD FORK,"254,312",1095,"11 minutes, 42 seconds"
"CRYPTO MARKET CRASH!! Don't Panic! DOGE Dump, ETH new ATH!","236,384",1095,"13 minutes, 3 seconds"
"CRYPTO NEWS - SELLING ETH, Buying Hidden Gems","235,390",1095,15 minutes
TOP 5 CRYPTO ALTCOIN PICKS (out of the top 20),"231,706",1095,16 minutes
Selling all my Cryptocurrency... I'm done.,"231,401",1095,"14 minutes, 1 second"
CRYPTO FUD AND BAD NEWS - Market Crash Continues,"230,656",1095,16 minutes
BREAKING CRYPTO NEWS... ( don't panic ),"230,248",1095,"11 minutes, 39 seconds"
"CARDANO ADA: $2-3 Coming, Mary Hard Fork","227,868",1095,14 minutes
$1K to $10K CRYPTO TRADING CHALLENGE (10X in 1 Year) Ep. 1,"227,787",1095,"14 minutes, 44 seconds"
PEAK BULL RUN IS YET TO COME (Crypto Crash Explained),"225,798",1095,"11 minutes, 45 seconds"
Bitcoin Drops $9k in an Hour... Crypto Flash Crash Explained,"215,763",730,"12 minutes, 37 seconds"
CRYPTO NEWS - Last Dip Before Mega Altcoin Season?,"214,765",1095,"12 minutes, 2 seconds"
$10k to $100k Trading Series Update!! Buying the Dip,"209,292",1095,15 minutes
My Altcoin Strategy for a Huge Crypto Portfolio ‚úîÔ∏è,"207,720",1095,"11 minutes, 41 seconds"
MASSIVE CRYPTO SURGE INCOMING!! Altcoins I'm Buying,"205,111",1095,17 minutes
"BULLISH CRYPTO NEWS!! China Adoption, DOGE $1, ADA Supply Shock","204,694",1095,"14 minutes, 12 seconds"
CRYPTO MARKET CRASH AND MANIPULATION üìâ,"201,794",1095,"13 minutes, 38 seconds"
BREAKING NEWS: More Crypto Market Crash? Altcoins Surge,"199,261",1095,18 minutes
ALTCOIN SEASON IS HERE!! Bullish Coins I'm HODLing,"193,710",1095,"12 minutes, 15 seconds"
Why You Need A Crypto Exit Strategy!!!,"193,371",1095,"10 minutes, 54 seconds"
CRYPTO FLASH CRASH - Important Info,"190,545",1095,"13 minutes, 19 seconds"
"CRYPTO NEWS - Gem Hunting, NFTs Booming, Altcoin Updates","187,911",1095,"14 minutes, 57 seconds"
Earn Over $300 FREE Cryptocurrency in 30 Minutes!,"186,578",1095,"10 minutes, 14 seconds"
MASSIVE CRYPTO NEWS!! This is crazy... üëÄ,"185,096",1095,"11 minutes, 50 seconds"
Altcoins I'm Buying!! $1k to $10k Trading Series Ep 6 üöÄ,"183,247",730,20 minutes
Altcoin Gems on Uniswap and Urgent Message!!,"182,370",1095,15 minutes
CARDANO SURGE!!! ADA 3rd in Crypto Market Cap üöÄ,"182,267",1095,"13 minutes, 25 seconds"
CRYPTO CHAOS AND HUGE NEWS,"180,174",1095,"14 minutes, 2 seconds"
"CRYPTO NEWS: Coinbase ADA Surge, Bitcoin Bullish, HUGE Altcoin Season","180,153",1095,"14 minutes, 30 seconds"
CRYPTO NEWS - April is Huge!! VISA Crypto Payments,"179,924",1095,"13 minutes, 15 seconds"
HUGE CRYPTO RALLY COMING!! Altcoins I'm Watching,"179,764",1095,16 minutes
More DUMP... This is BAD for Altcoins (Where I'm Buying),"179,685",1095,"8 minutes, 5 seconds"
"BREAKING CRYPTO NEWS - Ethereum to $5,000!? Coinbase Stock, DOGE Pump","179,226",1095,19 minutes
IS CARDANO ADA DEAD??? (Urgent Update),"179,021",730,"12 minutes, 24 seconds"
CRYPTO BLAST OFF!! Huge Altcoin Season Coming,"178,808",1095,"12 minutes, 24 seconds"
"BULLISH CRYPTO NEWS!! ADA Coinbase Listing, Ethereum Layer 2, Bitcoin","177,197",1095,"11 minutes, 15 seconds"
Crypto Market Updates and Altcoin Gem Hunting üëÄ,"175,842",1095,"13 minutes, 46 seconds"
My Crypto Strategy for Huge Profits and Long-term Success!!,"175,735",730,"13 minutes, 21 seconds"
MY TOP 3: 20X CRYPTO GAINS | How I Find Good Coins,"175,202",1095,15 minutes
BUYING THE ALTCOIN DIP!! Bitcoin Dump Over?,"173,888",1095,"13 minutes, 43 seconds"
"HUGE CRYPTO NEWS!! XRP, BTC, LTC, BNB Surge","173,337",1095,"12 minutes, 34 seconds"
CRYPTO MARKET CRASH NOT OVER?? Why I'm Still Bullish,"172,627",1095,"13 minutes, 6 seconds"
CRYPTO MARKET CRASH COMING? (Urgent Info),"172,293",1095,15 minutes
"Turn $1,000 into $10,000 with Crypto!! (10x in 1 Year)","171,768",1095,"9 minutes, 21 seconds"
BULLISH ALTCOINS IN MARCH | How to Find Good Picks,"171,391",1095,18 minutes
MY 15 ALTCOIN PICKS TO GET CRYPTO RICH üöÄ,"171,103",1095,17 minutes
"Cardano ADA Surge, Tesla FUD, 46 Million HODLers","170,913",1095,"11 minutes, 22 seconds"
CRYPTO METAVERSE COINS WILL 10X (Sandbox will takeover),"170,833",730,17 minutes
Market Dip Continues... 5 Altcoins I'm Buying!,"170,659",730,17 minutes
"BIG CRYPTO NEWS!! Chainlink Bullish, Cardano Updates, Ethereum to Flip Bitcoin?","170,596",1095,15 minutes
MUST SEE CRYPTO NEWS!! Huge Price Surge by End of March,"169,586",1095,15 minutes
Crypto Market Crash and Bullish Altcoins,"169,522",1095,"14 minutes, 35 seconds"
CRYPTO NEWS - RECOVERY OR CRASH?,"169,508",1095,15 minutes
ALTCOIN SURGE COMING!! Elon Musk Making a Crypto üò≤,"169,052",1095,19 minutes
TOP 5X ALTCOIN PICKS FOR END OF YEAR,"169,034",730,19 minutes
"HUGE NEWS!! Crypto on Venmo, Cardano Africa, Litecoin, BNB Surge","168,793",1095,"11 minutes, 31 seconds"
HUGE CRYPTO NEWS!! DOGE Coin Blast Off - $1 Coming or Crash?,"168,442",1095,"14 minutes, 49 seconds"
CRYPTO MARKET DIP NEWS!! Uniswap V3 Video üëÄ,"167,893",1095,"12 minutes, 43 seconds"
IMPORTANT! DOGE $1 - Elon Musk Full Support and Robinhood DOGE Whale,"167,651",1095,16 minutes
CARDANO ADA BREAKS $2!! Altcoins Surge,"167,447",1095,"11 minutes, 24 seconds"
HUGE MOVE COMING!! Cryptocurrency News,"167,314",1095,"13 minutes, 55 seconds"
"HUGE CRYPTO NEWS!! Ethereum Delays Layer 2, 100 Million New Crypto Users ü§Ø","166,833",1095,"12 minutes, 32 seconds"
CRYPTO NEWS - Big Rally Coming?,"166,137",1095,"11 minutes, 39 seconds"
ALTCOINS READY TO SURGE!! SparkPoint HUGE News,"166,124",1095,"13 minutes, 41 seconds"
CRYPTO NEWS and Price Predictions!,"165,472",1095,16 minutes
This is Huge for Bitcoin!! Crypto Ready to Surge in April,"165,296",1095,"13 minutes, 37 seconds"
CARDANO IS HERE! ADA Price Surge ($10 Soon?),"165,104",730,24 minutes
ALTCOINS SURGE!! This is Huge News üëÄ,"164,370",1095,"14 minutes, 52 seconds"
Best ETH Killer? Cardano Soon? BNB $500!!,"163,877",1095,"11 minutes, 33 seconds"
CRYPTO NEWS - MARKET DIP!!! Big Things Coming,"161,728",1095,16 minutes
CRYPTO NEWS - ALTCOIN SURGE IMMINENT!!,"161,292",1095,"11 minutes, 18 seconds"
HUGE CRYPTO NEWS!! Mass Adoption Growing Rapidly,"160,922",1095,"14 minutes, 15 seconds"
THIS IS HUGE FOR CRYPTO - $6 TRILLION BIDEN PROPOSAL,"160,815",1095,"11 minutes, 34 seconds"
DEFI will 100x and 500M new Crypto users,"160,628",730,18 minutes
"MAJOR CRYPTO NEWS!!! Cardano ADA, Litecoin, Bitcoin","160,604",1095,15 minutes
HUGE CRYPTO NEWS!! PayPal Crypto Payments and Chipotle Bitcoin,"158,413",1095,"13 minutes, 18 seconds"
Must See! Crypto Bull Run Not Over (don't skip this one),"158,184",1095,"10 minutes, 54 seconds"
How Much Bitcoin Should You Own? The 1% BTC Elite Club,"157,868",1095,18 minutes
BULLISH CRYPTO NEWS!! Altcoin Breakout Imminent,"156,921",1095,16 minutes
"CRYPTO BREAKING NEWS!! CARDANO AFRICA, ELON DOGE, ETH UNISWAP","156,443",1095,"14 minutes, 29 seconds"
CRYPTO BREAKING NEWS! Elon Musk Sells Bitcoin? (Why it's bullish),"156,295",1095,"13 minutes, 46 seconds"
I was wrong...,"155,822",730,20 minutes
HUGE CRYPTO NEWS!! Bullish Altcoins and Mass Adoption,"155,668",1095,"12 minutes, 58 seconds"
"CRYPTO NEWS - Market Correction, Bullish Altcoins, Huge Events Coming","154,105",1095,15 minutes
Cardano ADA $10 End of Year - Smart Contract Upgrades,"154,050",1095,"14 minutes, 18 seconds"
"HUGE CRYPTO NEWS!! Uniswap V3, PancakeSwap, NFTs","154,031",1095,"14 minutes, 33 seconds"
"HUGE NEWS: Meme Coins Surge, ETH Gas Fees, CryptoPunks","153,660",1095,15 minutes
CRYPTO Q&A - Answering Your Questions,"153,589",1095,40 minutes
"CRYPTO MARKET DIP!! Bad News, FUD, NFT Craze Continues","153,449",1095,"14 minutes, 51 seconds"
More Bad News... China Bitcoin FUD,"151,422",1095,"11 minutes, 54 seconds"
CRYPTO MARKET DIP!! Bitcoin new ATH soon and NFT Massive News,"150,586",1095,15 minutes
"HUGE CRYPTO NEWS!! Uniswap V3, ETH vs BNB, More Dips?","150,134",1095,15 minutes
"HUGE CRYPTO NEWS - APPLE AND PAYPAL, RIPPLE, POLYGON, BITCOIN ETF","150,017",1095,"13 minutes, 37 seconds"
CRYPTO BREAKING NEWS - Market Surge Coming?,"149,543",1095,"12 minutes, 38 seconds"
"Huge Altcoin Season Coming? PayPal, eBay and Mastercard News","147,552",1095,"13 minutes, 46 seconds"
CRYPTO NEWS - This is HUGE for Ethereum and Altcoins!!!,"147,066",1095,"12 minutes, 22 seconds"
Seedify SFUND Review - Crypto Launchpad Hidden Gem,"147,032",1095,"13 minutes, 12 seconds"
Crypto fear worsens... Important message for new investors,"146,741",730,21 minutes
HUGE CRYPTO NEWS!! Altcoin Predictions and ETH Gas Fees Update,"142,788",1095,"14 minutes, 55 seconds"
CRYPTO FLASH CRASH!! Trading Series Update Ep. 11,"142,562",1095,15 minutes
HUGE DAY FOR CRYPTO!! What Altcoins I'm Buying,"140,310",1095,"12 minutes, 6 seconds"
ETHEREUM KILLERS SURGE!! Crypto Market Update,"140,041",1095,15 minutes
CRYPTO NEWS - Altcoins Surge to New All-Time Highs üöÄ,"139,746",1095,"11 minutes, 15 seconds"
I Made a Huge Mistake... üíÄ Crypto Trading Series Ep. 10,"136,272",1095,22 minutes
CRYPTO BAD NEWS: TRUMP AND CHINA FUD,"135,114",1095,"12 minutes, 45 seconds"
"$1,400 Stimulus Checks!! Massive Altcoin Surge is Coming","134,582",1095,"11 minutes, 32 seconds"
"HUGE CRYPTO NEWS - Market Recovery, Consensus, Ray Dalio","133,639",1095,"11 minutes, 16 seconds"
"Cardano Huge Partnership, DOGE Coinbase Listing, Ethereum Bullish","132,753",1095,"11 minutes, 45 seconds"
"HUGE CRYPTO NEWS - Apple Pay, Ethereum Hard Fork, Bull Run Over?","132,613",1095,"13 minutes, 4 seconds"
BNB and CAKE Surge to New All-Time Highs! Is Ethereum Doomed?,"131,107",1095,16 minutes
IS DOGECOIN GOING TO $1?? Elon Musk On DOGE and Stocks,"129,930",1095,"10 minutes, 46 seconds"
"Huge Cryptocurrency Surge Coming!! Stimulus Checks, Uniswap V3, JPMorgan","129,724",1095,"11 minutes, 58 seconds"
$10k to $100k Crypto vs Stocks Trading Series Ep. 1,"126,739",1095,19 minutes
This is HUGE for BTC and ETH!! (don't panic),"124,916",1095,17 minutes
BITCOIN DEAD CAT BOUNCE?? Ripple XRP Lawsuit,"124,392",1095,"14 minutes, 40 seconds"
I'M SO BULLISH... IT HURTS,"124,188",730,"13 minutes, 57 seconds"
Crypto Market CRASH (Urgent Update),"122,621",730,"12 minutes, 35 seconds"
BIGGEST DAY IN CRYPTO HISTORY!!! (actually urgent),"120,424",730,"11 minutes, 14 seconds"
MUST SEE CRYPTO GEM!! Game Changing Features and Rewards,"120,345",1095,"13 minutes, 52 seconds"
HUGE CRYPTO NEWS!!! Altcoins Taking Off!,"117,574",1095,"11 minutes, 41 seconds"
Earn ETH and NFTs with Gods Unchained!!,"115,793",1095,15 minutes
Another Crypto Dump Coming?? Important News,"115,508",730,16 minutes
CRYPTO MARKET UPDATE (Where to next?),"114,843",1095,"11 minutes, 10 seconds"
CRYPTO MARKET CRASH AFTER DEATH CROSS WEEKEND (What's next?),"113,705",1095,"9 minutes, 56 seconds"
CRYPTO ALTCOINS SURGE!! Cardano ADA Just Getting Started,"113,312",1095,"12 minutes, 18 seconds"
10x Trading Series - Altcoins I'm Buying and Selling! Ep. 7,"113,128",730,20 minutes
TrustSwap Review - Huge Potential Crypto Launchpad!!,"111,420",1095,17 minutes
Altcoins I'm Buying - $1k to $10k Trading Series Ep 5 üöÄ,"111,416",1095,18 minutes
"CRYPTO SURGE, GAMING ALTCOINS, NFTs EXPLODE","111,242",730,20 minutes
"CRYPTO NEWS - Cardano FUD, Greed Rising, NFTs Update","110,962",730,15 minutes
Don't Panic... Crypto Market Dip and News,"109,983",730,"13 minutes, 3 seconds"
CRYPTO MARKET DIP AND HUGE NEWS,"108,005",1095,15 minutes
VERY BULLISH FOR CRYPTO!! Cardano ADA Updates,"107,877",730,"13 minutes, 41 seconds"
Crypto Recovery and Bitcoin to $100k,"107,829",1095,"12 minutes, 41 seconds"
HUGE ALTCOIN AND NFT BULL RUN COMING,"107,170",730,"11 minutes, 56 seconds"
MY TOP 5 ALTCOIN PICKS FOR 10X GAINS,"106,381",730,27 minutes
Get Rich From Crypto Gaming and Metaverse,"105,528",730,"11 minutes, 16 seconds"
"DSLA Protocol Review - Huge Utility, Crypto Hidden Gem?","104,977",1095,16 minutes
CRYPTO MARKET DIP - ETH and ADA Network Updates Coming,"103,293",1095,16 minutes
Crypto Will Go Crazy Again in July,"103,059",1095,"9 minutes, 11 seconds"
Becoming a Crypto and NFT Millionaire,"102,734",730,"12 minutes, 19 seconds"
ETHEREUM VS CARDANO - Which Is the Better Investment?,"102,481",1095,"13 minutes, 9 seconds"
Crypto Bloody Weekend Coming??,"102,458",1095,"12 minutes, 20 seconds"
I can't believe this just happened...,"101,649",730,16 minutes
"CRYPTO NEWS - CARDANO ADA, RIPPLE XRP, NFT Surge Coming","101,016",730,16 minutes
CRYPTO WILL PUMP HERE! Wen $100k Bitcoin??,"99,617",730,"12 minutes, 6 seconds"
"What Cryptocurrencies Would I Buy With $10,000?","99,291",1095,17 minutes
Crypto Dip Coming? NFT Volume Surges,"98,415",730,17 minutes
CRYPTO FEAR RISING - IMPORTANT NEWS,"98,255",730,20 minutes
BULLISH ALTCOINS AND CRYPTO GAMING BULL RUN,"97,971",730,20 minutes
"CRYPTO NEWS - BITCOIN GOLDEN CROSS, AVALANCHE, NFTs","97,884",730,15 minutes
"DOGE to $1 Soon? Ethereum to $5,000 by End May","97,763",1095,"9 minutes, 21 seconds"
CRYPTO MARKET COLLAPSE (What I'm Buying),"96,367",0,1 year ago 26 minutes
MOONVEMBER IS HERE!! $100K BTC THIS MONTH?,"96,137",730,17 minutes
CRYPTO MARKET DIP - Charles Hoskinson Explains New Tax Proposals,"95,586",1095,16 minutes
CRYPTO MARKET CRASH (What's Next?),"94,883",730,"12 minutes, 25 seconds"
Crypto glitch makes everyone rich... Elon pumps Dogecoin and Nike buys NFT company,"94,675",730,"9 minutes, 57 seconds"
"HUGE CRYPTO NEWS!! Bitcoin $50k, Polkadot Surge, Ripple XRP Bad News","94,579",1095,15 minutes
"Crypto News - Q4 is Huge, Bitcoin Smart Contracts, ETH Layer 2","94,168",730,"12 minutes, 7 seconds"
DOGECOIN TO $1? WHY THIS IS IMPORTANT!,"94,003",1460,16 minutes
"CRYPTO NEWS - ALTCOIN RALLY, AXIE 100X, BULL TRAP, $600M HACKED","93,703",730,17 minutes
CARDANO SET TO SURGE IN FEBRUARY!!! ADA $1 COMING?,"92,541",1095,"13 minutes, 30 seconds"
"HUGE CRYPTO NEWS!! ETH Recovering, New Stimulus Check, Bullish Altcoins","92,319",1095,"14 minutes, 14 seconds"
Crypto Take Off Coming! New NFT Games That Can 10x,"92,055",730,"14 minutes, 29 seconds"
ALTCOINS AND NFTs SURGE! CRYPTO NEWS AND MARKET UPDATE,"91,726",730,25 minutes
BREAKING NEWS!!! Crypto Gold Rush Is Upon Us,"91,414",1095,"14 minutes, 19 seconds"
Can Cardano ADA Still 10x in 2021? BIG NEWS üëÄ,"91,291",1095,"13 minutes, 43 seconds"
ALTCOIN UPDATE AND NEWS,"90,782",730,18 minutes
"LITECOIN SET TO SURGE - $1,000 LTC POSSIBLE","90,028",1095,15 minutes
"DOGECOIN $1 COMING??? Elon Musk, Gene Simmons, Snoop Dogg Pump DOGE üöÄ","89,786",1095,16 minutes
This could be bad... meme coin takeover,"89,677",730,"8 minutes, 49 seconds"
"MAKE $1,000,000 IN CRYPTO AND NFTs (Top 5 Tips)","89,302",730,"11 minutes, 38 seconds"
CRYPTO TAXES DONE IN MINUTES!!,"88,049",1095,"9 minutes, 33 seconds"
Huge Crypto Recovery Coming üëÄ,"87,756",730,15 minutes
POLKADOT EXPLAINED - Can DOT Hit $100?,"87,743",1095,"13 minutes, 59 seconds"
These Next Few Days Are Massive for Crypto...,"87,479",730,"8 minutes, 40 seconds"
HUGE News for Crypto and NFTs üëÄ,"87,386",730,16 minutes
This Meme Coin Hype Is CRAZY... (market crash coming?),"87,161",730,"13 minutes, 2 seconds"
BULLISH NEWS - CRYPTO RECOVERY IN JULY?!?,"87,154",1095,"10 minutes, 42 seconds"
CRYPTO BULLISH NEWS!! China Bitcoin Mining and Inflation üí•,"86,276",1095,"13 minutes, 22 seconds"
HUGE NEWS FOR CRYPTO - Is the Bottom In?,"85,846",1095,"14 minutes, 37 seconds"
Crucial Week Ahead for Crypto... HUGE NEWS,"85,737",730,"14 minutes, 45 seconds"
TOP 4 CRYPTO ALTCOINS TO WATCH üëÄ,"85,735",1095,"11 minutes, 59 seconds"
"CRYPTO NEWS - ALTCOINS ARE READY, BUYING DEMAND RISING, ETH $1500!","81,772",1095,15 minutes
UNIQLY Review - Game Changing NFT Platform,"81,590",1095,20 minutes
Cardano ADA Take Off and Walmart Crypto/NFTs,"80,937",730,"12 minutes, 41 seconds"
$10k PER MONTH STAKING + DEFI STRATEGY - Crypto Passive Income üí•,"80,821",1460,19 minutes
Crypto News - Huge SURGE Imminent!! Polkadot and BNB Bullish,"80,309",730,"13 minutes, 40 seconds"
CRYPTO BREAKING NEWS & BITCOIN WALL STREET ADOPTION,"79,962",1095,"11 minutes, 30 seconds"
BITCOIN DEATH CROSS COMING (Still bullish),"79,660",730,"11 minutes, 26 seconds"
"CRYPTO NEWS - ALTCOIN SEASON, BITCOIN ANALYSIS, NFT BUBBLE","78,553",730,16 minutes
HUGE NEWS - BIG MOVE COMING FOR CRYPTO,"78,493",730,"14 minutes, 57 seconds"
CRYPTO NEWS - BULLISH OR BEARISH? üò¨,"77,817",1095,"12 minutes, 52 seconds"
CRYPTO SURGES - Is the Bull Run Back? (Why I'm Skeptical),"77,417",730,"9 minutes, 47 seconds"
"CRYPTO NEWS - CARDANO PRICE SURGE, NFT BOOM COMING","76,940",730,"13 minutes, 2 seconds"
CRYPTO BREAKOUT COMING!! Bitcoin to $40k Soon?,"76,385",1095,"12 minutes, 19 seconds"
CHINA BITCOIN CRACKDOWN (why this is good),"76,278",1095,17 minutes
Bitcoin Surges - $100k Coming Soon?,"75,895",730,"11 minutes, 41 seconds"
"CRYPTO NEWS - Ethereum to $10k, Market Dip, Ripple Lawsuit","75,808",1095,16 minutes
VERY BULLISH OCTOBER!!!,"75,361",730,"13 minutes, 4 seconds"
Crypto Market Crash and Top Altcoin Picks,"74,331",730,20 minutes
HUGE Crypto Pump Coming? Bitcoin $50k and Ethereum $2k Soon üëÄ,"74,065",1095,"14 minutes, 53 seconds"
CRYPTO FLASH CRASH and Why This Is Bullish!,"73,867",1095,"11 minutes, 57 seconds"
"WARNING! Crypto Regulations, ETH to $3k, Amazon","73,849",730,15 minutes
Will Crypto Pump or Dump in August??,"73,306",730,15 minutes
Ethereum Will Flip Bitcoin In 2022?! (Prepare now!),"73,237",730,"11 minutes, 13 seconds"
"CRYPTO NEWS - ELON PUMPS DOGE, CARDANO SURGE SOON, XRP, SUSHI, BNB","73,226",1095,"12 minutes, 55 seconds"
Crypto Recovery and NFT Demand SURGES! Important 2022 Info,"72,999",730,"14 minutes, 30 seconds"
BUYING THESE ALTCOINS!!! Crypto Trading Series Ep. 8,"72,540",1095,17 minutes
BULL RUN NOT OVER - DISBELIEF PHASE OF MARKET CYCLE,"72,517",1095,"9 minutes, 58 seconds"
HYVE Review - High Potential Small Cap Altcoin!,"72,128",1095,"12 minutes, 11 seconds"
THIS HAMSTER IS A CRYPTO TRADING GENIUS,"71,643",730,"12 minutes, 42 seconds"
2022 CRYPTO AND NFTS,"70,775",730,15 minutes
BREAKING NEWS: BITCOIN MASS ADOPTION IN EL SALVADOR,"70,459",1095,"9 minutes, 18 seconds"
BITCOIN TO $50K? INFRASTRUCTURE BILL NEWS,"69,790",730,"14 minutes, 13 seconds"
Crypto News - Buy and Hold Bitcoin for Retirement!,"69,479",1095,"10 minutes, 13 seconds"
"How to Become a Crypto Millionaire with $1,000","68,868",1460,24 minutes
XRP UP 50%!!! CRYPTO ABOUT TO SURGE!! Tread Lightly,"68,852",1095,16 minutes
BITCOIN SUPPLY SHOCK!! (THIS IS BULLISH),"68,418",1095,"13 minutes, 1 second"
"ETH PUMP COMING, IMPORTANT NEWS, ALTCOIN UPDATES","68,227",1095,19 minutes
"CRYPTO NEWS - El Salvador BTC, Altcoin Surge, NFT Adoption","67,925",730,"11 minutes, 24 seconds"
Inflation Surging While Crypto Dips (Pay attention to ETH),"67,502",1095,"9 minutes, 1 second"
Will the Govt Start a Bear Market?,"67,444",730,"11 minutes, 2 seconds"
I'm back... and so is Bitcoin,"67,325",730,"2 minutes, 57 seconds"
URGENT CRYPTO NEWS!!! This Is Holding BTC and ETH Back,"67,110",1095,18 minutes
Crypto Huge News and Recovery,"65,806",730,"14 minutes, 55 seconds"
HUGE CRYPTO EVENTS IN JULY!! WILL BITCOIN PUMP OR DUMP,"65,103",1095,"10 minutes, 25 seconds"
How to: Earn Free Crypto Playing These 3 Fun Mobile Games!,"64,996",1095,19 minutes
CRYPTO and NFT Questions Answered,"64,769",730,19 minutes
"CRYPTO NEWS - VISA, ELON MUSK, TESLA, RIPPLE XRP, BITCOIN","64,589",1095,17 minutes
Huge Crypto Market Crash... What's Happening?!,"62,724",730,20 minutes
Is a Crypto Bear Market Coming? (Important Update),"62,657",730,"11 minutes, 5 seconds"
HUGE ALTCOIN SEASON COMING!!! My Strategy to Find Hidden Gems,"61,470",1095,"14 minutes, 29 seconds"
"HUGE BUY OPPORTUNITY for Altcoins! Bitcoin to $50k, ETH $2k, WARNING!","61,374",1095,"10 minutes, 51 seconds"
TOP 5 Cryptocurrency Tips for Long Term Success,"60,588",1095,17 minutes
ETHEREUM 3X to $10K COMING,"60,505",730,13 minutes
5 REASONS CARDANO ADA WILL 10X IN Q1,"60,195",1095,"13 minutes, 12 seconds"
BITCOIN SURGE COMING - APECOIN LAUNCH,"59,054",730,18 minutes
ELON MUSK JUST BOUGHT BITCOIN!?! Crypto Trading Series,"57,390",1095,"10 minutes, 38 seconds"
ETHEREUM PRICE SURGE SOON and 10X Altcoin Season Around the Corner üöÄ,"57,336",1095,"14 minutes, 53 seconds"
STOCKS VS CRYPTO - The Truth Will Shock You!,"56,924",1095,"14 minutes, 7 seconds"
BITCOIN ETF APPROVED?! Extremely Bullish,"56,669",730,"6 minutes, 46 seconds"
Will Crypto Regulations Cause a Bear Market?,"53,936",1095,15 minutes
I have an announcement,"52,814",730,15 minutes
How Many Ethereum Should You Own? ETH Price Predictions,"52,545",1460,"14 minutes, 57 seconds"
"Crypto News - Amazon Crypto Payments, Tether FUD","52,411",730,"10 minutes, 37 seconds"
CRYPTO NEWS - Tether Lawsuit and Banks Fight Bitcoin,"52,397",1095,16 minutes
HUGE NEWS: PARAGUAY BITCOIN LEGAL TENDER AND MORE,"51,802",1095,"10 minutes, 40 seconds"
*CRYPTO MARKET UPDATE* Bad News + What's Next for Bitcoin and Ethereum,"51,243",1095,"14 minutes, 6 seconds"
"CRYPTO NEWS - Biden Will Pump Crypto, Cardano Africa, Institutions Buying","50,607",1095,"13 minutes, 47 seconds"
"CRYPTO PRICE SURGE!! Huge News Tesla, Apple, Elon Musk","49,990",1095,"12 minutes, 19 seconds"
The Crypto Bull Run Is Back? Extremely Bullish,"49,692",730,"14 minutes, 16 seconds"
"HUGE NEWS!! ETH $1600, BITCOIN SURGE COMING","49,417",1095,"14 minutes, 28 seconds"
What Just Happened?! Crypto Market Panic,"49,253",0,"1 year ago 13 minutes, 8 seconds"
How I Find Crypto Hidden Gems! My Strategy Revealed,"49,028",1095,17 minutes
"CRYPTO NEWS - Big Dip Coming? Cardano ADA, Bitcoin $40k, ETH Trending, Elon Musk","47,972",1095,18 minutes
"BITCOIN WILL NEVER PASS $40,000 AGAIN???","47,187",1095,"13 minutes, 15 seconds"
MUST SEE BITCOIN DATA!!! Crypto Is Only Getting Started,"46,175",1095,16 minutes
SparkPoint SRK Staking Tutorial on Uniswap - HUGE REWARDS!,"45,872",1095,18 minutes
*CRYPTO MARKET UPDATE* Big Move Coming! Bitcoin vs Gold,"45,683",1095,18 minutes
My Cardano ADA Exit Strategy! (ADA Will Make You RICH),"43,907",1460,"11 minutes, 45 seconds"
CRYPTO NEWS - The Markets Are Being Manipulated! Institutions Buying,"43,886",1095,16 minutes
"ETH $4k Coming, BTC Supply Shock, NFT Big News","42,206",730,16 minutes
Earn Passive Income With Crypto Staking (Do This Now!),"40,902",180,6 months ago 16 minutes
How Much Cardano (ADA) Should You Own? 1000x Possible!,"40,678",1460,15 minutes
WALL STREET BETS DOGE PUMP +200%!!! WHY THIS IS BULLISH,"40,547",1095,"11 minutes, 8 seconds"
TOP 10 CRYPTO PICKS FOR 2024,"40,063",180,6 months ago 17 minutes
The ETH Merge Is HUGE! Crypto Market Pump Coming?,"38,917",0,1 year ago 18 minutes
TOP 5 MEME COINS FOR 2024,"38,693",180,6 months ago 16 minutes
IS CARDANO STILL GOOD? CAN ADA 10X?,"38,400",210,7 months ago 17 minutes
I'm Selling ADA!? Crypto Trading Series Ep. 7,"37,748",1095,23 minutes
CRYPTO BULL MARKET IS HERE?!,"36,326",240,8 months ago 17 minutes
Turning $10k into $100k in 1 Year!! Crypto Trading Series Ep. 1,"34,674",1095,16 minutes
How I Saved Over $50k In Crypto! Earn Up to 8.6% APY on BTC and ETH,"32,891",1095,15 minutes
"CRYPTO NEWS - Pump or Dump? Altcoin Season, FOMO Picking Up!","32,240",1095,19 minutes
"ETHEREUM ALL-TIME HIGH!!! $2,000 ETH NEXT?","30,811",1095,"10 minutes, 39 seconds"
BREAKING CRYPTO NEWS!!! BITCOIN MASS ADOPTION,"29,894",1095,"9 minutes, 38 seconds"
"BITCOIN NEW ATH, MEME COINS UP OVER 100%, THE MADNESS BEGINS","28,300",120,4 months ago 19 minutes
MAKING $1 MILLION IN CRYPTO,"28,005",180,6 months ago 25 minutes
ALTCOIN SEASON SOON! Top 10 Crypto Price Predictions,"26,750",1095,19 minutes
100X CRYPTO HIDDEN GEMS,"26,350",180,6 months ago 17 minutes
100X CRYPTO HIDDEN GEMS (part 1 - strategy),"26,253",180,6 months ago 19 minutes
DO THIS NOW... (Best Crypto Strategy),"25,695",210,7 months ago 29 minutes
Can Cardano ADA Make You A Millionaire? Realistically,"24,991",1460,18 minutes
THIS IS CRAZY FOR CRYPTO,"24,974",120,4 months ago 17 minutes
CRYPTO BREAKING NEWS (10x GAINS),"24,713",180,"6 months ago 11 minutes, 15 seconds"
This Is Game Changing for Crypto... (WATCH THIS BEFORE IT'S TOO LATE),"24,541",150,5 months ago 19 minutes
This Is So Dumb...,"24,291",180,"6 months ago 6 minutes, 39 seconds"
I Can't Believe This Is Real,"23,400",180,"6 months ago 4 minutes, 31 seconds"
Ripple XRP - Here's the Problem...,"22,513",1095,22 minutes
TOP 5 GAMING ALTCOINS,"21,736",180,6 months ago 16 minutes
CRYPTO NEWS - A Massive Shift In Wealth Is Happening NOW!,"21,499",1095,19 minutes
The perfect storm is coming to Crypto...,"21,275",180,6 months ago 17 minutes
Cardano ADA: PRICE SET TO EXPLODE! Why I'm Bullish NOW,"20,713",1460,16 minutes
This Will Make Crypto 10X (Don't Miss This!),"19,915",150,"5 months ago 14 minutes, 10 seconds"
TOP 8 ALTCOINS AUGUST 2020 - HUGE PROFITS!!,"19,604",1095,19 minutes
5 Reasons Cardano ADA Will Pass 50 Cents Soon,"19,531",1460,29 minutes
CARDANO Massive Updates! September is HUGE! ADA Price Set to Explode,"19,481",1095,16 minutes
Ethereum - Should You Be Buying? $1000 Coming... üëÄ,"19,460",1095,16 minutes
Why Cardano ADA is Undervalued and Set to SURGE in 2021 üî¥,"19,222",1095,"13 minutes, 9 seconds"
TOP 5 METAVERSE PLATFORMS IN CRYPTO,"18,996",180,6 months ago 19 minutes
HUGE Cardano Coinbase Partnership! Charles Hoskinson Explains Why,"18,957",1460,"11 minutes, 7 seconds"
CARDANO HUGE NEWS! WHEN ADA $1?,"18,813",1095,16 minutes
TOP 7 ORACLE COINS!! (See My Top Picks),"18,001",1095,"13 minutes, 4 seconds"
CRYPTO BREAKING NEWS (DONT GET HACKED!),"17,374",180,"6 months ago 14 minutes, 50 seconds"
This Week Is HUGE for Crypto!!!,"17,198",180,"6 months ago 8 minutes, 37 seconds"
Cardano: ADA Set for BLAST OFF In 2021! (Best Top 10 Cryptocurrency),"16,927",1095,18 minutes
MY 7 BIGGEST CRYPTO MISTAKES! Don't Do This!,"16,835",1460,22 minutes
Crypto Market BOOM! What Altcoins Are Next?,"16,445",1095,"14 minutes, 11 seconds"
Best Crypto Staking Projects! Earn Passive Income,"16,370",1460,22 minutes
SparkPoint SRK Going Mainstream Crypto!,"16,076",1095,26 minutes
CARDANO MASSIVE NEWS! $1 ADA COMING QUICK,"15,987",1095,16 minutes
HUGE Bitcoin Sell Offs... Important News,"15,888",150,5 months ago 19 minutes
DAY 1 - Google Opens the Gates to Bitcoin Mass Adoption,"15,672",150,"5 months ago 9 minutes, 30 seconds"
DOGE Coin Up 100%! Bitcoin $33k! Altcoin Season Is Here,"15,495",1095,"14 minutes, 6 seconds"
"Cardano ADA - New Partnerships, Price Analysis, News Updates!","15,283",1460,19 minutes
WE ARE STILL EARLY TO CRYPTO! Why 10x Is Possible in 2021 üöÄ,"14,736",1095,19 minutes
INVESTMENT OF A LIFETIME! 10 REASONS CRYPTO WILL MAKE YOU RICH,"14,534",1460,19 minutes
38% Profit In 3 Weeks!! Buying Bitcoin NOW! Crypto Trading Series Ep 2,"14,390",1095,"14 minutes, 20 seconds"
Why I'm Buying Cardano ADA and Binance BNB + Big Crypto News!,"14,298",1095,15 minutes
CRYPTO MARKET CRASH - BAD NEWS / IMPORTANT INFO,"13,687",1095,"11 minutes, 31 seconds"
Best Strategy to Become A Crypto Millionaire! Why Most Won't Succeed,"13,654",1460,24 minutes
WHAT'S NEXT FOR BITCOIN AND CRYPTO,"13,472",60,2 months ago 15 minutes
TOP 6 SEPTEMBER ALTCOIN PICKS!!! (Huge Profits Last Month),"13,372",1095,18 minutes
Did Joe Biden Just Pump Bitcoin? ($50k Bitcoin Insanely Bullish Data),"13,122",150,5 months ago 15 minutes
THIS IS BAD... Is the bull market over?,"13,101",0,"8 days ago 14 minutes, 19 seconds"
Cardano vs Ethereum - Which Is a Better Buy Right NOW?!,"12,976",1095,21 minutes
"CRYPTO NEWS - Polkadot, XRP, SRK, ADA","12,382",1095,"14 minutes, 43 seconds"
BEST CRYPTO HIDDEN GEM IN 2020! üíé,"12,214",1460,25 minutes
Cardano ADA Mainnet Roadmap & Price Predictions,"12,085",1460,"14 minutes, 47 seconds"
Best Top 10 Cryptocurrency to Hold for 10x Profit in 2021!,"11,898",1095,"12 minutes, 29 seconds"
"CRYPTO NEWS - Cardano ADA Surging, Ripple XRP Bad News, Bullish Altcoins","11,889",1095,16 minutes
TOP 5 ALTCOINS BULLISH IN JUNE,"11,618",1460,19 minutes
CRYPTO 101 and SparkPoint MAJOR Update! Mind Blowing Ecosystem,"11,485",1095,26 minutes
Can Ethereum ETH Make You A Millionaire? Realistically,"10,878",1460,33 minutes
"Cardano HUGE Updates, Bitcoin Mass Adoption, SparkPoint - Weekly Crypto News","10,781",1460,15 minutes
Blockchain Oracles - The next BIG thing in crypto!,"10,756",1095,"11 minutes, 32 seconds"
Cardano ADA 20 Cent Price Target In August,"10,670",1095,"8 minutes, 30 seconds"
Portfolio Update and What I'm Buying! Crypto Trading Series Ep. 3,"10,491",1095,20 minutes
Cardano ADA Price Surge Coming! Shelley Mainnet & Staking SOON!,"10,412",1460,17 minutes
This DeFi Hidden Gem Can 100x FAST!!!,"9,964",1095,20 minutes
"$10k PROFIT IN 1 WEEK! XRP, ETH, ADA, BTC - Crypto Trading Series ep.4","9,751",1095,16 minutes
WHY ALTCOIN SEASON IS HERE! DON'T MISS THIS OPPORTUNITY,"8,722",1460,18 minutes
TOP 10 ALTCOINS BULLISH IN JULY!,"8,488",1460,22 minutes
WHY CRYPTOCURRENCY WILL MAKE YOU RICH!,"8,465",1095,"3 minutes, 55 seconds"
MERRY XMAS! SparkPoint SFUEL Is Here! XRP and Crypto Market Updates,"8,458",1095,19 minutes
This Crypto is EXPLODING! SparkPoint Month In Review #2,"8,413",1460,19 minutes
SELL XRP? CRYPTO TRADING SERIES EP. 6,"8,274",1095,"10 minutes, 45 seconds"
ADA and DOT Surging! Is XRP Done For? Ethereum to $1k Soon,"8,027",1095,15 minutes
SparkPoint SRK: DeFi Crypto Gem - Month In Review #4,"7,700",1095,24 minutes
Crypto Portfolio Update for End of 2020 - Crypto Trading Series Ep. 5,"7,684",1095,"13 minutes, 1 second"
Top Altcoins End of 2020 for HUGE Profits,"7,653",1095,20 minutes
MOST BULLISH CRYPTO NEWS EVER! The Bulls Are Back üëÄ,"7,547",1095,15 minutes
CHAINLINK IS MOONING + ZEUS CAPITAL LIQUIDATED?,"7,528",1095,"12 minutes, 20 seconds"
THETA Network Review - 500% GAINS With 6 Days Until Mainnet 2.0 Launches!,"7,462",1460,"10 minutes, 27 seconds"
"CRYPTO MARKET UPDATE - Bad News for US, Bitcoin $24k!, Cardano ADA, Binance BNB","7,081",1095,17 minutes
Cardano End of 2020 Major News! ADA Set for Blast Off üöÄ,"6,856",1095,24 minutes
"CRYPTO NEWS - Litecoin Up 50%, XRP Surging, Bitcoin $23k, Cardano ADA","6,772",1095,"14 minutes, 23 seconds"
"CRYPTO NEWS - $50k BTC, XRP Dumping, Cardano ADA Blast Off Soon?","6,664",1095,"14 minutes, 34 seconds"
CRYPTO TEXT MESSAGE SCAM WARNING!,"6,426",1095,"9 minutes, 10 seconds"
TODAY IS THE MOST HISTORIC DAY IN CRYPTO HISTORY!,"6,373",1095,"13 minutes, 59 seconds"
Ripple XRP: SCAM or 100x Parabolic Gains!?,"6,289",1095,17 minutes
"CRYPTO MARKET UPDATE - Cardano ADA, Bitcoin, Ethereum, Ripple XRP","6,222",1095,"11 minutes, 13 seconds"
"Breaking Crypto News! BTC $11k Soon, ETH2 Launch, Matic Network, Zilliqa, TRON 4.0","6,120",1460,17 minutes
TOP 5 CRYPTO ALTCOINS BULLISH NOW! üî•üìà,"6,077",1460,18 minutes
"This is HUGE News! ""The Time is Now for Crypto""","5,700",1095,17 minutes
"CRYPTO MARKET DIP - BAD NEWS XRP, DOGE PUMP 50%, BITCOIN, SPARKPOINT UPDATES","5,612",1095,19 minutes
Is Ripple Burning 50 Billion XRP?! David Schwartz Speaks,"5,494",1095,"11 minutes, 11 seconds"
Top October Altcoin Picks! Big Gains Coming!,"5,296",1095,17 minutes
"CRYPTO NEWS - Why ETH Will Hit $1,000 Soon!","5,087",1095,"12 minutes, 15 seconds"
Sparkpoint SRK - Biggest Month Yet!! Staking/DeFi Launching!,"5,049",1095,28 minutes
"BITCOIN $20k COMING, SUPER BULLISH! Watch This Before It's Too Late!","4,881",1095,"14 minutes, 54 seconds"
New DeFi Platform and SFUEL Token! 1st Microlending Crypto Platform,"4,818",1095,35 minutes
Top 5 Reasons You Should Buy Cryptocurrency!,"4,813",1095,17 minutes
"WEEKLY CRYPTO NEWS - McAfee's GHOST, Altcoins Going Parabolic, BIG PROFITS COMING","4,786",1460,17 minutes
10x Coming? DeFi and Gaming Crypto Ready for Blast Off,"4,762",1095,19 minutes
Why New All Time Highs Coming for CRYPTO! 1 Trillion Global Market Cap,"4,546",1460,18 minutes
