url,title,views,hashtags
https://www.tiktok.com/@stockbusterr/video/7391238836195577134,Different screeners for finviz part 14. Make sure to follow for part 15  #finviz #screeners #stocks #stockmarket,779,"['finviz', 'screeners', 'stocks', 'stockmarket']"
https://www.tiktok.com/@stockbusterr/video/7390539075310128430,Jeff Bezos sells another $452M worth of Amazon shares  #amazon #jeffbezos #stockmarketnews #stocks #stockmarket,79800,"['amazon', 'jeffbezos', 'stockmarketnews', 'stocks', 'stockmarket']"
https://www.tiktok.com/@stockbusterr/video/7389797056191335726,3 stocks that insiders are loading up on  #insider #stocks #stockmarket #investing ,13000,"['insider', 'stocks', 'stockmarket', 'investing']"
https://www.tiktok.com/@stockbusterr/video/7389048617560050987,"Hydreight technologies offers mobile healthcare services for people so they dont have to go to a doctors office which has deemed them the ‚Äúuber‚Äù for nurses.  #stocks #stockmarket #invest  This is a sponsored video. This Video was produced on behalf of and sponsored by, Hydreight Technologies Inc.¬†Stockbuster LLC was paid $2000 USD dollars¬†by Parting Clouds Media Inc an affiliate of Fairfax Partners for this video on behalf of the company. This video does not constitute investment advice. Each viewer is encouraged to consult with his or her individual financial professional and any action a viewer takes as a result of the information presented here is his or her own responsibility. This video is not a solicitation for investment, or a recommendation to buy or sell any security. Stockbuster holds 0 shares¬†in this company at the date of publishing. DISCLAIMER: I am not a financial adviser. I only express my opinion based on my experience. Your experience may be different. These videos are for educational and inspirational purposes only. Investing of any kind involves risk. While it is possible to minimize risk, your investments are solely your responsibility. It is imperative that you conduct your own research. There is no guarantee of gains or losses on investments.",178400,"['stocks', 'stockmarket', 'invest']"
https://www.tiktok.com/@stockbusterr/video/7388674029382602026,3 profitable cash cow stocks to own and hold forever  #stocks #stockmarket #investing #fintok ,46800,"['stocks', 'stockmarket', 'investing', 'fintok']"
https://www.tiktok.com/@stockbusterr/video/7388333195214769454,$TSLA has been on a crazy run and people have this going to $400 this year ü§Ø #tsla #robotaxi #stocks #stockmarketnews #investing #elonmusk ,44400,"['tsla', 'robotaxi', 'stocks', 'stockmarketnews', 'investing', 'elonmusk']"
https://www.tiktok.com/@stockbusterr/video/7387201717139459371,Nike stock dropped 20% which was its biggest single day percentage drop in the entire stocks history. The expectations from investors have not been hit by nike.  #nike #stocks #investing #stockmarket #stockmarketnews ,36900,"['nike', 'stocks', 'investing', 'stockmarket', 'stockmarketnews']"
https://www.tiktok.com/@stockbusterr/video/7386093799207898411,3 smartest dividend stocks to buy with $500 #dividendstocks #dividends #stockmarket #stocks #invest ,264400,"['dividendstocks', 'dividends', 'stockmarket', 'stocks', 'invest']"
https://www.tiktok.com/@stockbusterr/video/7386032140745493802,Website you need for the stock market pt 22  #stockmarket #stockmarketwebsites #investing #etf #stockresearch ,4324,"['stockmarket', 'stockmarketwebsites', 'investing', 'etf', 'stockresearch']"
https://www.tiktok.com/@stockbusterr/video/7385316623517011246,$CHWY ran up crazy today after speculation that roaring kitty bought $CHWY calls.  #memestocks #stockmarket #stockmarketnews #chwy ,18300,"['memestocks', 'stockmarket', 'stockmarketnews', 'chwy']"
https://www.tiktok.com/@stockbusterr/video/7384615720232946986,2 Ai stocks that have huge potential that arent Nvidia  #nvidia #ai #stocks #stockmarket #investing ,107200,"['nvidia', 'ai', 'stocks', 'stockmarket', 'investing']"
https://www.tiktok.com/@stockbusterr/video/7383487841868811566,3 stocks that billionaires are betting BIG on  #billionaire #stockmarket #hedgefunds #stocks #investing #wallstreet ,204400,"['billionaire', 'stockmarket', 'hedgefunds', 'stocks', 'investing', 'wallstreet']"
https://www.tiktok.com/@stockbusterr/video/7383129870080937258,These are the six different stock types  #growthstocks #stockmarket #investing #stockmarket101 #stocks,15300,"['growthstocks', 'stockmarket', 'investing', 'stockmarket101', 'stocks']"
https://www.tiktok.com/@stockbusterr/video/7382379617828490539,Quad witching can cause a lot of volatility in the market. Risk management is key when the time comes around.  #stocks #stockoptions #stockmarket #options #fintok,23700,"['stocks', 'stockoptions', 'stockmarket', 'options', 'fintok']"
https://www.tiktok.com/@stockbusterr/video/7382008977561013547,Website you need for the stock market pt 21  Follow for part 22  #stockmarket #stocks #stockmarkettips #fintok ,5237,"['stockmarket', 'stocks', 'stockmarkettips', 'fintok']"
https://www.tiktok.com/@stockbusterr/video/7381240905392573738,3 defensive dividend stocks to protect your portfolio  #dividendstocks #investing #stockmarket #dividends #stocks ,60300,"['dividendstocks', 'investing', 'stockmarket', 'dividends', 'stocks']"
https://www.tiktok.com/@stockbusterr/video/7380900014547062058,Different stock screeners for finviz pt 13  #finviz #stocks #stockscreeners #invest #stockmarket ,3057,"['finviz', 'stocks', 'stockscreeners', 'invest', 'stockmarket']"
https://www.tiktok.com/@stockbusterr/video/7380525104226209067,3 levels to have set before entering a trade  #trading #stocks #optionstrading #stockmarket,6128,"['trading', 'stocks', 'optionstrading', 'stockmarket']"
https://www.tiktok.com/@stockbusterr/video/7379434149897194794,"ThreeD Capital invests in early-stage growth companies in growing sectors with 44M in assets! #stockstobuy #growthstocks #beststocks2024 #pennystocks #threedcapital DISCLAIMER: **IMPORTANT DISCLAIMER PLEASE READ** This is a sponsored video. This Video was produced on behalf of and sponsored by, ThreeD Capital. Stockbuster was paid $500 USD dollars¬†by Xemoto Media Inc. and/or affiliates for this video on behalf of the company. For more info please visit: https://www.threedcapital.com/ This video does not constitute investment advice. Each viewer is encouraged to consult with his or her individual financial professional and any action a viewer takes as a result of the information presented here is his or her own responsibility. This video is not a solicitation for investment, or a recommendation to buy or sell any security. Stockbuster holds 0 shares¬†in this company at the date of publishing. DISCLAIMER: I am not a financial adviser. I only express my opinion based on my experience. Your experience may be different. These videos are for educational and inspirational purposes only. Investing of any kind involves risk. While it is possible to minimize risk, your investments are solely your responsibility. It is imperative that you conduct your own research. There is no guarantee of gains or losses on investments.",10600,"['stockstobuy', 'growthstocks', 'beststocks2024', 'pennystocks', 'threedcapital']"
https://www.tiktok.com/@stockbusterr/video/7378675918006603054,Investing in these 3 stocks will get you paid dividends every month  #dividends #stocks #investing #stockmarket #money #growth ,47300,"['dividends', 'stocks', 'investing', 'stockmarket', 'money', 'growth']"
https://www.tiktok.com/@stockbusterr/video/7377878533797842219,Nvidia is doing a 10-1 stock split this upcoming monday. This is going to attract more investors since the price will be ‚Äúcheaper‚Äù #nvidia #stockmarket #stocks #ai #stockmarketnews #invest,681,"['nvidia', 'stockmarket', 'stocks', 'ai', 'stockmarketnews', 'invest']"
https://www.tiktok.com/@stockbusterr/video/7377390020191096106,"CERo Therapeutics is an innovative company that is creating a helpful treatment in the fight against cancer. #stocks #stockmarket #invest  DISCLAIMER: **IMPORTANT DISCLAIMER PLEASE READ** This is a sponsored video. This Video was produced on behalf of and sponsored by, CERo Therapeutics, Inc.¬†Stockbuster was paid $1500 USD dollars¬†by Market Jar Media Inc. and/or affiliates for this video on behalf of the company. For our full disclaimer, please visit: https://pressreach.com/disclaimer-cero This video does not constitute investment advice. Each viewer is encouraged to consult with his or her individual financial professional and any action a viewer takes as a result of the information presented here is his or her own responsibility. This video is not a solicitation for investment, or a recommendation to buy or sell any security. Stockbuster holds 0 shares¬†in this company at the date of publishing. DISCLAIMER: I am not a financial adviser. I only express my opinion based on my experience. Your experience may be different. These videos are for educational and inspirational purposes only. Investing of any kind involves risk. While it is possible to minimize risk, your investments are solely your responsibility. It is imperative that you conduct your own research. There is no guarantee of gains or losses on investments.",54100,"['stocks', 'stockmarket', 'invest']"
https://www.tiktok.com/@stockbusterr/video/7376817994434989355,This new ETF has a yield of 25% and pays weekly dividends ü§Ø #dividends #etfs #invest #money #stockmarket #fintok,163000,"['dividends', 'etfs', 'invest', 'money', 'stockmarket', 'fintok']"
https://www.tiktok.com/@stockbusterr/video/7376092776242367786,Roaring kitty disclosed he has a position worth over $200M in Gamestop ü§Ø #gme #gamestop #shortsqueeze #stocks #stockmarket #stockmarketnews,135700,"['gme', 'gamestop', 'shortsqueeze', 'stocks', 'stockmarket', 'stockmarketnews']"
https://www.tiktok.com/@stockbusterr/video/7375318419278695722,Different screeners for finviz pt 12. #stocks #stockscreeners #investing #stockmarket ,8953,"['stocks', 'stockscreeners', 'investing', 'stockmarket']"
https://www.tiktok.com/@stockbusterr/video/7374919187958910250,3 dividend aristocrats to grab before they rebound  #dividendstocks #invest #money #stocks #stockmarket ,47400,"['dividendstocks', 'invest', 'money', 'stocks', 'stockmarket']"
https://www.tiktok.com/@stockbusterr/video/7374058141526314282,"Gladiator metals has emerged as a rising player in the copper mining industry. #wallstreet #stocks #stockmarket #invest  DISCLAIMER: **IMPORTANT DISCLAIMER PLEASE READ** This is a sponsored video. This Video was produced on behalf of and sponsored by, Gladiator Metals Corp.¬†Stockbuster was paid $1500 USD dollars¬†by Market Jar Media Inc. and/or affiliates for this video on behalf of the company. For our full disclaimer, please visit: https://pressreach.com/disclaimer-glad This video does not constitute investment advice. Each viewer is encouraged to consult with his or her individual financial professional and any action a viewer takes as a result of the information presented here is his or her own responsibility. This video is not a solicitation for investment, or a recommendation to buy or sell any security. Stockbuster holds 0 shares¬†in this company at the date of publishing. DISCLAIMER: I am not a financial adviser. I only express my opinion based on my experience. Your experience may be different. These videos are for educational and inspirational purposes only. Investing of any kind involves risk. While it is possible to minimize risk, your investments are solely your responsibility. It is imperative that you conduct your own research. There is no guarantee of gains or losses on investments.",95000,"['wallstreet', 'stocks', 'stockmarket', 'invest']"
https://www.tiktok.com/@stockbusterr/video/7373471665621077290,$ZIM is up over 200% the past 6 months from it‚Äôs lows. This stock once paid over 120% dividend yield.  #dividends #dividendstocks #stocks #stockmarket #investing #zim ,33700,"['dividends', 'dividendstocks', 'stocks', 'stockmarket', 'investing', 'zim']"
https://www.tiktok.com/@stockbusterr/video/7372714234658016554,Website you need for the stock market pt 20  #stockmarket #stocks #investing #stockmarkettips ,13700,"['stockmarket', 'stocks', 'investing', 'stockmarkettips']"
https://www.tiktok.com/@stockbusterr/video/7371989557790739755,"Nvidia officially hit $1,000 and analysts have it going even higher. The earnings report was insane and they announced a 10-1 stock split and 150% dividend raise. #nvda #stockmarket #stocks #investing #stockmarketnews ",62300,"['nvda', 'stockmarket', 'stocks', 'investing', 'stockmarketnews']"
https://www.tiktok.com/@stockbusterr/video/7371254618438864170,Meme stocks are making a comeback. Heres 2 to look out for.  #memestocks #stocks #stockmarket #fintok ,26600,"['memestocks', 'stocks', 'stockmarket', 'fintok']"
https://www.tiktok.com/@stockbusterr/video/7370135296324832558,"Faraday went up 8,000% this week and finished at 2,000% ü§Ø. The meme stock frenzy is wild!  #memestocks #ffie #faraday #stockmarket #investing #pennystocks #fintok ",265900,"['memestocks', 'ffie', 'faraday', 'stockmarket', 'investing', 'pennystocks', 'fintok']"
https://www.tiktok.com/@stockbusterr/video/7369747057516498222,One website you need for the stock market pt 19 Make sure to follow for part 20!  #stockmarket #macro #stocks #assetclasses #macroeconomics ,12200,"['stockmarket', 'macro', 'stocks', 'assetclasses', 'macroeconomics']"
https://www.tiktok.com/@stockbusterr/video/7368656627618090283,This trader turned $27k into over $2 million trading gamestop. #gamestop #gme #stocks #memestocks #stockmarket ,624600,"['gamestop', 'gme', 'stocks', 'memestocks', 'stockmarket']"
https://www.tiktok.com/@stockbusterr/video/7368642678415691054,Gamestop looks like its on its way to $100 again. 2021 vibes are back #gamestop $gme #stocks #memestocks #stockmarket #wallstreet ,43500,"['gamestop', 'stocks', 'memestocks', 'stockmarket', 'wallstreet']"
https://www.tiktok.com/@stockbusterr/video/7368461558382365995,"Liberty defense is using AI to help protect citizens.  #stocks #invest #wallstreet #securitystocks #aistocks  DISCLAIMER: **IMPORTANT DISCLAIMER PLEASE READ** This is a sponsored video. This Video was produced on behalf of and sponsored by, Liberty Defense Holdings.¬†Stockbuster was paid $1500 USD dollars¬†by Market Jar Media Inc. and/or affiliates for this video on behalf of the company. For our full disclaimer, please visit: https://libertydefense.com/ This video does not constitute investment advice. Each viewer is encouraged to consult with his or her individual financial professional and any action a viewer takes as a result of the information presented here is his or her own responsibility. This video is not a solicitation for investment, or a recommendation to buy or sell any security. Stockbuster holds 0 shares¬†in this company at the date of publishing. DISCLAIMER: I am not a financial adviser. I only express my opinion based on my experience. Your experience may be different. These videos are for educational and inspirational purposes only. Investing of any kind involves risk. While it is possible to minimize risk, your investments are solely your responsibility. It is imperative that you conduct your own research. There is no guarantee of gains or losses on investments.",40300,"['stocks', 'invest', 'wallstreet', 'securitystocks', 'aistocks']"
https://www.tiktok.com/@stockbusterr/video/7367851013144841518,3 stocks under $10 set for huge growth  #growthstocks #stockmarket #stocks #investing ,95000,"['growthstocks', 'stockmarket', 'stocks', 'investing']"
https://www.tiktok.com/@stockbusterr/video/7367466985682144555,Different stock screeners part 11 #stockscreeners #finviz #stocktrading #stocks #stockmarket ,2469,"['stockscreeners', 'finviz', 'stocktrading', 'stocks', 'stockmarket']"
https://www.tiktok.com/@stockbusterr/video/7366054303896800555,3 stocks under $50 with a dividend yield over 5%  #dividends #stockmarket #investing #dividendstocks #dividendinvesting  ,43300,"['dividends', 'stockmarket', 'investing', 'dividendstocks', 'dividendinvesting']"
https://www.tiktok.com/@stockbusterr/video/7365238721341361451,Website you need for the stock market pt 18. Follow for part 19 #stockmarket #stocks #investing #stockmarkettips #wallstreet ,32100,"['stockmarket', 'stocks', 'investing', 'stockmarkettips', 'wallstreet']"
https://www.tiktok.com/@stockbusterr/video/7364565170150018346,"Here is one way to invest your first $5,000 into the stock market.  #stockmarket #stocks #investing #fintok #growthstocks ",26600,"['stockmarket', 'stocks', 'investing', 'fintok', 'growthstocks']"
https://www.tiktok.com/@stockbusterr/video/7363823822157630766,These are the biggest IPOs of 2024 #shein #stocks #stockmarket #investing #ipo #stockmarketnews ,8735,"['shein', 'stocks', 'stockmarket', 'investing', 'ipo', 'stockmarketnews']"
https://www.tiktok.com/@stockbusterr/video/7363456484383968558,These are huge red flags when it comes to trading. Take some of these and attempt to get better at each one over time. #stocks #stocktrading #stockmarket #optionstrading #options ,4691,"['stocks', 'stocktrading', 'stockmarket', 'optionstrading', 'options']"
https://www.tiktok.com/@stockbusterr/video/7362665942431583534,Will Amazon start paying dividends? They are the last out if the big six that does not pay a dividend. #amazon #dividends #stockmarket #investing #fintok  ,14600,"['amazon', 'dividends', 'stockmarket', 'investing', 'fintok']"
https://www.tiktok.com/@stockbusterr/video/7362276876523556139,"Vistagen is developing innovative medication to treat psychiatric and neurological disorders.  This sponsorship was provided for compensation, this included a formal agreement between stockbuster and a 3rd party company for a one time fee of $450 USD paid on behalf of Vistagen Therapeutics on¬†4/26/2024 I am not a financial adviser. I only express my opinion based on my experience. Your experience may be different. These videos are for educational and inspirational purposes only. Investing of any kind involves risk. While it is possible to minimize risk, your investments are solely your responsibility. It is imperative that you conduct your own research. There is no guarantee of gains or losses on investments. #stocks #stockmarket #stockstowatch ",4618,"['stocks', 'stockmarket', 'stockstowatch']"
https://www.tiktok.com/@stockbusterr/video/7361903661837995307,Different stock screeners for finviz part 10. Follow for part 11! #finviz #stockscreeners #stocks #stockmarket #investing ,4445,"['finviz', 'stockscreeners', 'stocks', 'stockmarket', 'investing']"
https://www.tiktok.com/@stockbusterr/video/7361600718060457258,$META getting crushed after reporting earnings #meta #stockmarket #investing #fintok #stockmarketnews ,30200,"['meta', 'stockmarket', 'investing', 'fintok', 'stockmarketnews']"
https://www.tiktok.com/@stockbusterr/video/7361565523500420395,"Investing $10,000 into Peloton at IPO would give you $1,110 as of today. #peloton #stocks #stockmarket #investing #ipo ",15600,"['peloton', 'stocks', 'stockmarket', 'investing', 'ipo']"
https://www.tiktok.com/@stockbusterr/video/7360086743346957610,3 dividend paying companies that people use eveyday #dividends #stocks #stockmarket #investing ,9558,"['dividends', 'stocks', 'stockmarket', 'investing']"
https://www.tiktok.com/@stockbusterr/video/7359700242180181290,Website you need for the stock market pt 17. Follow for part 18 #stockmarket #stocks #investing #options #fintok ,46100,"['stockmarket', 'stocks', 'investing', 'options', 'fintok']"
https://www.tiktok.com/@stockbusterr/video/7359337050870402347,3 ETFs that pay you dividends #dividends #stockmarket #investing #fintok #etfinvesting ,13500,"['dividends', 'stockmarket', 'investing', 'fintok', 'etfinvesting']"
https://www.tiktok.com/@stockbusterr/video/7359206886509530414,"West Red Lake Gold is a mineral exploration company targeting gold production at one of their high grade sites. This is a sponsored video. This Video was produced on behalf of and sponsored by, West Red Lake Gold Mines Ltd.¬†Stockbuster was paid $1500 USD dollars¬†by Market Jar Media Inc. and/or affiliates for this video on behalf of the company. For our full disclaimer, please visit: https://pressreach.com/disclaimer-wrlg DISCLAIMER: I am not a financial adviser. I only express my opinion based on my experience. Your experience may be different. These videos are for educational and inspirational purposes only. Investing of any kind involves risk. While it is possible to minimize risk, your investments are solely your responsibility. It is imperative that you conduct your own research. There is no guarantee of gains or losses on investments. #stocks #gold #mining #stockmarket ",48600,"['stocks', 'gold', 'mining', 'stockmarket']"
https://www.tiktok.com/@stockbusterr/video/7359000886703623467,Different stock screeners for finviz part 9  #finviz #stocks #stockmarket #investing #fintok  ,4777,"['finviz', 'stocks', 'stockmarket', 'investing', 'fintok']"
https://www.tiktok.com/@stockbusterr/video/7358465879811575083,"Abitibi Metals is a copper development company that is focused on drill-ready projects with high upside potential.  Disclaimer: This is a sponsored video. This Video was produced on behalf of and sponsored by, Abitibi Metals Corp.¬†Stockbuster¬†was paid $1500 USD by Market Jar Media Inc. and affiliates for this video on behalf of the company. For our full disclaimer, please visit: https://pressreach.com/disclaimer-amq I am not a financial adviser. I only express my opinion based on my experience. Your experience may be different. These videos are for educational and inspirational purposes only. Investing of any kind involves risk. While it is possible to minimize risk, your investments are solely your responsibility. It is imperative that you conduct your own research. There is no guarantee of gains or losses on investments. #stocks #stockmarket #investing #copper ",48100,"['stocks', 'stockmarket', 'investing', 'copper']"
https://www.tiktok.com/@stockbusterr/video/7357892108004494634,Congress members with the most trading volume. This is total volume including buys and sells #insidertrading #congresstrading #stocks #stockmarket #investing #fintok ,7952,"['insidertrading', 'congresstrading', 'stocks', 'stockmarket', 'investing', 'fintok']"
https://www.tiktok.com/@stockbusterr/video/7357491178004253998,Gold hits all time-highs  #gold #stockmarket #economy #fintok,8765,"['gold', 'stockmarket', 'economy', 'fintok']"
https://www.tiktok.com/@stockbusterr/video/7357102469471685930,Walgreens stock hits a 26 year low ü§Ø #stocks #investing #stockmarket ,23400,"['stocks', 'investing', 'stockmarket']"
https://www.tiktok.com/@stockbusterr/video/7356731629655575854,3 dividend stocks under $25 #dividends #dividendstocks #stocks #stockmarket #investing ,24800,"['dividends', 'dividendstocks', 'stocks', 'stockmarket', 'investing']"
https://www.tiktok.com/@stockbusterr/video/7355664514639007019,Stocks that haven‚Äôt hit new all-time highs yet  #stocks #stockmarket #investing ,14200,"['stocks', 'stockmarket', 'investing']"
https://www.tiktok.com/@stockbusterr/video/7355257182151052574,3 stocks that will get you paid dividends every month  #stocks #dividendstocks #investing #stockmarket #dividends #fintok ,145200,"['stocks', 'dividendstocks', 'investing', 'stockmarket', 'dividends', 'fintok']"
https://www.tiktok.com/@stockbusterr/video/7354902574681656606,Different stock screeners for finviz part 8  #finviz #stocktrading #stocks #stockmarket #investing ,7312,"['finviz', 'stocktrading', 'stocks', 'stockmarket', 'investing']"
https://www.tiktok.com/@stockbusterr/video/7354195703708634398,3 undervalued stocks below $20  #stocks #investing #undervaluedstocks #stockmarket #fintok ,18100,"['stocks', 'investing', 'undervaluedstocks', 'stockmarket', 'fintok']"
https://www.tiktok.com/@stockbusterr/video/7353427778412317982,Top NVIDIA shareholders #nvidia #stocks #insider #stockmarket #investing #stockmarketnews #hedgefunds #fintok ,15500,"['nvidia', 'stocks', 'insider', 'stockmarket', 'investing', 'stockmarketnews', 'hedgefunds', 'fintok']"
https://www.tiktok.com/@stockbusterr/video/7353060857389141278,The best hedge fund of 2023 was TCI and it wasn‚Äôt close #hedgefund #stockmarket #investing #stocks #investing #fintok ,14300,"['hedgefund', 'stockmarket', 'investing', 'stocks', 'investing', 'fintok']"
https://www.tiktok.com/@stockbusterr/video/7352669780706479402,How to calculate risk/reward each trade. This is for equities and not options. If you want to learn how to calculate potential profit and risk for options then drop a follow. #stocks #stocktrading #stockmarket #investing #investingforbeginners ,8943,"['stocks', 'stocktrading', 'stockmarket', 'investing', 'investingforbeginners']"
https://www.tiktok.com/@stockbusterr/video/7351531928371072286,How to grow a trading account #stocks #stocktrading #stockmarket #investing #stockmarkettips ,5854,"['stocks', 'stocktrading', 'stockmarket', 'investing', 'stockmarkettips']"
https://www.tiktok.com/@stockbusterr/video/7351202861096733983,Robinhood came out with big news yesterday. The stock is up big time this year already. #robinhood #stocks #stockmarket #investing #fintok #stockmarketnews ,14300,"['robinhood', 'stocks', 'stockmarket', 'investing', 'fintok', 'stockmarketnews']"
https://www.tiktok.com/@stockbusterr/video/7350482365774351647,Website you need for the stock market part 16 #stockmarket #stocks #investing #fintok #stockmarkettips ,29500,"['stockmarket', 'stocks', 'investing', 'fintok', 'stockmarkettips']"
https://www.tiktok.com/@stockbusterr/video/7349683833391844638,"$10,000 into $NVDA 10 years ago . The returns are insane  #stocks #stockmarket #investing #nvidia #fintok ",102600,"['stocks', 'stockmarket', 'investing', 'nvidia', 'fintok']"
https://www.tiktok.com/@stockbusterr/video/7349347249849158943,Companies that hold the most bitcoin  #bitcoin #stockmarket #stocks #fintok #investing ,41500,"['bitcoin', 'stockmarket', 'stocks', 'fintok', 'investing']"
https://www.tiktok.com/@stockbusterr/video/7348958969827839263,Jeff bezos‚Äô top investments  #jeffbezos #stocks #investing #stockmarket #fintok ,18400,"['jeffbezos', 'stocks', 'investing', 'stockmarket', 'fintok']"
https://www.tiktok.com/@stockbusterr/video/7348605911486795039,2 stocks that could have a huge comeback  #tesla #stocks #stockmarket #investing ,8292,"['tesla', 'stocks', 'stockmarket', 'investing']"
https://www.tiktok.com/@stockbusterr/video/7347864292168977695,Apple and Google in talks to partner on artificial intelligence  #google #apple #stocks #stockmarket #investing #stockmarketnews ,9739,"['google', 'apple', 'stocks', 'stockmarket', 'investing', 'stockmarketnews']"
https://www.tiktok.com/@stockbusterr/video/7347495230037347614,Can the NVIDIA rally continue? The AI boom is getting crazy. #ai #nvidia #stockmarket #stocks #aiboom #investing ,54200,"['ai', 'nvidia', 'stockmarket', 'stocks', 'aiboom', 'investing']"
https://www.tiktok.com/@stockbusterr/video/7346380475205815583,Shein to IPO in 2024. The biggest IPO in 2024 #shein #investing #stocks #stockmarket #ipo ,35000,"['shein', 'investing', 'stocks', 'stockmarket', 'ipo']"
https://www.tiktok.com/@stockbusterr/video/7345819023122124062,"LiTHOS is a Lithium Extraction Technology Company (LITSF, LITS). This is not financial advice. Do your own due diligence. Educational purposes only. #stocktrading #stocks #stockwatch #finance #elon #lithium #stockstobuy #technology This sponsorship was provided for compensation, this included a formal agreement between Stockbuster and Parting Clouds Media Inc for a one-time fee of $1,500 USD to create content about Lithos Group Ltd.¬†on¬†3/13/2024",32700,"['stocktrading', 'stocks', 'stockwatch', 'finance', 'elon', 'lithium', 'stockstobuy', 'technology']"
https://www.tiktok.com/@stockbusterr/video/7345270829908823327,Companies with the most cash  #stocks #stockmarket #investing #fintok #money #stockmarketnews ,10200,"['stocks', 'stockmarket', 'investing', 'fintok', 'money', 'stockmarketnews']"
https://www.tiktok.com/@stockbusterr/video/7344886810838895902,3 stocks the biggest hedge funds are buying  #stocks #stockmarket #investing #wallstreet #fintok ,27900,"['stocks', 'stockmarket', 'investing', 'wallstreet', 'fintok']"
https://www.tiktok.com/@stockbusterr/video/7344145575585041694,Bitcoin ETFs seeing record inflows  #bitcoin #crypto #stockmarket #etfs,9293,"['bitcoin', 'crypto', 'stockmarket', 'etfs']"
https://www.tiktok.com/@stockbusterr/video/7343753704543194398,Top 3 stock indicators for beginners  #stocktrading #stocks #investing #stockcharts #stockindicators ,16100,"['stocktrading', 'stocks', 'investing', 'stockcharts', 'stockindicators']"
https://www.tiktok.com/@stockbusterr/video/7343423895145336095,Apple is getting sold off like crazy  #stocks #stockmarket #investing #apple ,366000,"['stocks', 'stockmarket', 'investing', 'apple']"
https://www.tiktok.com/@stockbusterr/video/7343241320921599262,"Knightscope is using AI robots to protect U.S citizens.  #stocks #ai #investing #stockmarket  This sponsorship was provided for compensation, this included a formal agreement between stockbuster and Market Jar Media Inc. for a one-time fee of $1,500USD to create content about Knightscope Inc (NASDAQ: $KSCP) on¬†3/6/2024 ",62800,"['stocks', 'ai', 'investing', 'stockmarket']"
https://www.tiktok.com/@stockbusterr/video/7342675460343467294,These 2 stocks are ELITE during market dips  #stocks #stockmarket #investing #fintok ,10300,"['stocks', 'stockmarket', 'investing', 'fintok']"
https://www.tiktok.com/@stockbusterr/video/7342294742870265118,Different stock screeners for finviz part 7 #finviz #stocks #stockmarket #investing  ,5112,"['finviz', 'stocks', 'stockmarket', 'investing']"
https://www.tiktok.com/@stockbusterr/video/7341534483033689374,3 leveraged ETFs you can buy   #etfs #stockmarket #tesla #investing #stocks #stocktrading ,16300,"['etfs', 'stockmarket', 'tesla', 'investing', 'stocks', 'stocktrading']"
https://www.tiktok.com/@stockbusterr/video/7341209176971988254,"OverActive Media is an entertainment company looking to become the next media conglomerate. (TSX: OAM) (OTC:OAMCF) #stocks #stockmarket #investing #stocktok    This sponsorship was provided for compensation, this included a formal agreement between stockbuster and Market Jar Media Inc. for a one-time fee of $1,500USD to create content about OverActive Media (TSX:$OAM, OTC: $OAMCF)¬†on¬†2/29/2024",163100,"['stocks', 'stockmarket', 'investing', 'stocktok']"
https://www.tiktok.com/@stockbusterr/video/7341147492609707295,Nancy pelosi purchased $1.25M worth of $PANW calls ü§Ø  #stocks #insidertrading #investing #stockmarket #fintok ,552300,"['stocks', 'insidertrading', 'investing', 'stockmarket', 'fintok']"
https://www.tiktok.com/@stockbusterr/video/7340835318167244063,3 dividend stocks that pay you every month  #dividendstocks #investing #stockmarket #dividends #stocks,36800,"['dividendstocks', 'investing', 'stockmarket', 'dividends', 'stocks']"
https://www.tiktok.com/@stockbusterr/video/7340455926312324382,Financial statements every investor should know. #investor #stockmarket #fintok #finance #financialstatements #stocks #investing ,5097,"['investor', 'stockmarket', 'fintok', 'finance', 'financialstatements', 'stocks', 'investing']"
https://www.tiktok.com/@stockbusterr/video/7339919943191809311,Kalshi is the first regulated exchange that allows you to trade on the outcome of events.  #kalshi ,5647,['kalshi']
https://www.tiktok.com/@stockbusterr/video/7339343788097178911,Website you need for the stock market part 15 #stockmarket #stocks #investing #fintok ,13700,"['stockmarket', 'stocks', 'investing', 'fintok']"
https://www.tiktok.com/@stockbusterr/video/7338946012570062111,Reddit IPO coming in 2024  #stocks #investing #reddit #stockmarket #stockmarketnews ,35800,"['stocks', 'investing', 'reddit', 'stockmarket', 'stockmarketnews']"
https://www.tiktok.com/@stockbusterr/video/7338054874405358878,"Here is an early-stage AI healthcare company to watch! HEALWELL AI Inc. (TSX: AIDX) (OTCQX: HWAIF) is an AI and data science company focused on preventative care.  #stocks #investing #techstock #aistocks #artificialintelligence #healthcarestocks  This sponsorship was provided for compensation, this included a formal agreement between stockbuster and Parting Clouds Media Inc. for a one-time fee of $1,500USD to create content about HEALWELL AI (TSX:AIDX, OTCQX:HWAIF)¬†on¬†2/21/2024 ",84900,"['stocks', 'investing', 'techstock', 'aistocks', 'artificialintelligence', 'healthcarestocks']"
https://www.tiktok.com/@stockbusterr/video/7337484365426855199,Stock market crash of 2008 #stockmarket #stocks #fintok #stockmarketcrash #investing ,5360,"['stockmarket', 'stocks', 'fintok', 'stockmarketcrash', 'investing']"
https://www.tiktok.com/@stockbusterr/video/7336744947867028767,Warren buffet made big moves this past quarter. #warrenbuffett #investing #stockmarket #stocks #stockmarketnews ,57200,"['warrenbuffett', 'investing', 'stockmarket', 'stocks', 'stockmarketnews']"
https://www.tiktok.com/@stockbusterr/video/7336365074975558943,How to view any billionaire‚Äôs portfolio #stockmarket #stocks #investing #wallstreet #fintok #stockmarkettips  ,46900,"['stockmarket', 'stocks', 'investing', 'wallstreet', 'fintok', 'stockmarkettips']"
https://www.tiktok.com/@stockbusterr/video/7336001779185831199,These 3 index funds offer steady and passive gains over time. #stockmarket #indexfunds #investing #indexinvesting #fintok ,6109,"['stockmarket', 'indexfunds', 'investing', 'indexinvesting', 'fintok']"
https://www.tiktok.com/@stockbusterr/video/7335270557652503838,Replying to @Tyve Clic #greenscreen ,20600,"['/@tyveclic', 'greenscreen']"
https://www.tiktok.com/@stockbusterr/video/7334887495542344990,How to predict the stock market  #stockmarket #stocks #investing #fintok #greenscreen ,20100,"['stockmarket', 'stocks', 'investing', 'fintok', 'greenscreen']"
https://www.tiktok.com/@stockbusterr/video/7334153074799414558,3 divided growth stocks to power your portfolio  #dividendstocks #dividendgrowth #stockmarket #investing #dividends #fintok ,37900,"['dividendstocks', 'dividendgrowth', 'stockmarket', 'investing', 'dividends', 'fintok']"
https://www.tiktok.com/@stockbusterr/video/7334120806533942558,Gold royalty holds a ton of royalties from mining companies that can give them consistent cash flow even during tough times. This is a paid sponsorship so make sure to do your own research  Disclaimer: https://stockresearchtoday.com/this-precious-metals-powerhouse-is-our-2024-gold-mine/ #goldstock #investing #wallstreet #stockmarket ,6285,"['goldstock', 'investing', 'wallstreet', 'stockmarket']"
https://www.tiktok.com/@stockbusterr/video/7333731972159720735,"$1,000 in minutes trading $AMD  #amd #stocktrading #stocks #stockmarket ",6099,"['amd', 'stocktrading', 'stocks', 'stockmarket']"
https://www.tiktok.com/@stockbusterr/video/7333408955571473695,3 dividend stocks insiders are buying #dividends #dividendstocks #investing #stocks #stockmarket ,61400,"['dividends', 'dividendstocks', 'investing', 'stocks', 'stockmarket']"
https://www.tiktok.com/@stockbusterr/video/7332301188966124831,Ai is taking over finance. This is only the beginning and will get even crazier down the line #ai #finance #investing #stocks #fintok #stockmarket #tesla ,182700,"['ai', 'finance', 'investing', 'stocks', 'fintok', 'stockmarket', 'tesla']"
https://www.tiktok.com/@stockbusterr/video/7331922611892522271,2 stocks that are primed for growth. Nio and Sofi have a lot of people interested at these levels. #stocks #stockmarket #investing #fintok #nio #growthstock,601800,"['stocks', 'stockmarket', 'investing', 'fintok', 'nio', 'growthstock']"
https://www.tiktok.com/@stockbusterr/video/7331550264492625182,Website you need for the stock market pt 14 #benzinga #stocks #stockmarket #investing,17500,"['benzinga', 'stocks', 'stockmarket', 'investing']"
https://www.tiktok.com/@stockbusterr/video/7330812003654651166,Amazon and Meta dropped earnings today and they went flying in after hours. #meta #amazon #stocks #stockmarket #investing #fintok ,16100,"['meta', 'amazon', 'stocks', 'stockmarket', 'investing', 'fintok']"
https://www.tiktok.com/@stockbusterr/video/7329326709499514158,Huge week ahead for the stock market. We have massive earnings with important events like FOMC happening #FOMC #stockmarket #stocks #fintok #investing #stockmarketnews ,99800,"['fomc', 'stockmarket', 'stocks', 'fintok', 'investing', 'stockmarketnews']"
https://www.tiktok.com/@stockbusterr/video/7328982597424385322,Li-FT power is a mining company with huge projects to help with the growth in demand for lithium.  This is a paid sponsored video so make sure to do your own research  Disclaimer: https://chartingdaily.com/Industry-Trailblazing-Innovator #stockmarket #miningcompany #stocks #lithium #investing ,13900,"['stockmarket', 'miningcompany', 'stocks', 'lithium', 'investing']"
https://www.tiktok.com/@stockbusterr/video/7328598176938626346,Different screeners for finviz part 6  #finviz #stocks #stockmarket #investing #stocktrading,8497,"['finviz', 'stocks', 'stockmarket', 'investing', 'stocktrading']"
https://www.tiktok.com/@stockbusterr/video/7328208006112398634,Paypal made a huge announcement about launching six new Ai products to revolutionize checkout #paypal #pypl #artificialintelligence #stocks #stockmarket #investing #stockmarketnews ,59800,"['paypal', 'pypl', 'artificialintelligence', 'stocks', 'stockmarket', 'investing', 'stockmarketnews']"
https://www.tiktok.com/@stockbusterr/video/7327472861143190830,This stock has a dividend yield of 87%. #dividendstocks #dividends #investing #fintok #stockmarket #stocks ,198300,"['dividendstocks', 'dividends', 'investing', 'fintok', 'stockmarket', 'stocks']"
https://www.tiktok.com/@stockbusterr/photo/7326720263930858795,The dollar has lost almost 99% of its value over time. ,13300,[]
https://www.tiktok.com/@stockbusterr/video/7325985411887615274,"Spirit $6 calls went for 3,400% after dave portnoy made a call on spirit airlines #stocks #stockmarket #investing #fintok #spiritairlines ",133900,"['stocks', 'stockmarket', 'investing', 'fintok', 'spiritairlines']"
https://www.tiktok.com/@stockbusterr/video/7325611284865584430,How to read a stock chart part 5 Follow for part 6   #stockcharts #stockmarket #stocks #stocktrading #howtoreadastockchart ,14900,"['stockcharts', 'stockmarket', 'stocks', 'stocktrading', 'howtoreadastockchart']"
https://www.tiktok.com/@stockbusterr/video/7325268673340460334,Im buying the alibaba dip. The valuation doesnt make sense to me for various reasons. Big opportunity to me. #chinesestocks #alibaba #chinatiktok #stockmarket #investing ,80300,"['chinesestocks', 'alibaba', 'chinatiktok', 'stockmarket', 'investing']"
https://www.tiktok.com/@stockbusterr/video/7324502220290936110,Avoid these 3 things when investing  #stockmarket #investing #investingforbeginners #investingtips #stocks ,21200,"['stockmarket', 'investing', 'investingforbeginners', 'investingtips', 'stocks']"
https://www.tiktok.com/@stockbusterr/video/7323774607499005226,Tesla has been getting sold off recently. Is it time to buy the dip? #tesla #stocks #stockmarket #invest #fintok ,146800,"['tesla', 'stocks', 'stockmarket', 'invest', 'fintok']"
https://www.tiktok.com/@stockbusterr/video/7323012197574298926,2 underappreciated stocks that are poised for a bounce #stockmarket #stocks #investing #fintok #hershey #stockmarketforbeginners ,34900,"['stockmarket', 'stocks', 'investing', 'fintok', 'hershey', 'stockmarketforbeginners']"
https://www.tiktok.com/@stockbusterr/video/7322617311788076334,Bitcoin Spot ETFs approved! #crypto #etfs #investing #cryptonews #bitcoin #money #stockmarket  ,7297,"['crypto', 'etfs', 'investing', 'cryptonews', 'bitcoin', 'money', 'stockmarket']"
https://www.tiktok.com/@stockbusterr/video/7322229314722778410,SEC X account was hacked after a post was made about Bitcoin ETF approvals. Crazy day for crypto #bitcoin #sec #garygensler #bitcoinetf #x #crypto #fintok,10000,"['bitcoin', 'sec', 'garygensler', 'bitcoinetf', 'x', 'crypto', 'fintok']"
https://www.tiktok.com/@stockbusterr/video/7321908472453336363,Alaska energy metals is looking to fill the demand for nickel during the EV transition.  This is a paid sponsored video so always make sure to do your own research  Disclaimer: https://stockresearchtoday.com/unlocking-alaskas-nickel-for-americas-electric-future/ #stockmarket #wallstreet #mining #metals #investing,12800,"['stockmarket', 'wallstreet', 'mining', 'metals', 'investing']"
https://www.tiktok.com/@stockbusterr/video/7321841690275433774,Replying to @-- Here are some other metrics you can look at when looking at an ETF #etf #passiveinvesting #stockmarket ,7009,"['/@user381020492715', 'etf', 'passiveinvesting', 'stockmarket']"
https://www.tiktok.com/@stockbusterr/video/7320408631713991982,Website you need for the stock market pt 13 #stockmarket #stocks #investing #earningsreport #fintok ,12700,"['stockmarket', 'stocks', 'investing', 'earningsreport', 'fintok']"
https://www.tiktok.com/@stockbusterr/video/7320035946202811691,Blue chip stocks for income investors  #dividends #bluechipstocks #investing #stockmarket ,29100,"['dividends', 'bluechipstocks', 'investing', 'stockmarket']"
https://www.tiktok.com/@stockbusterr/video/7319659009940688170,2 stocks that are sleepers with potential #stocks #growthstocks #investing #stockmarket #fintok,19600,"['stocks', 'growthstocks', 'investing', 'stockmarket', 'fintok']"
https://www.tiktok.com/@stockbusterr/video/7318897720624713003,Website you need for the stock market pt 12 #stockcharts #stocks #stockmarket #investing #fintok ,16100,"['stockcharts', 'stocks', 'stockmarket', 'investing', 'fintok']"
https://www.tiktok.com/@stockbusterr/video/7318538512180022570,Trader turns $62 into $2 million in 22 days ü§Ø #crypto #solana #memecoin #cryptotrading #insidertrading #cryptocurrency ,23300,"['crypto', 'solana', 'memecoin', 'cryptotrading', 'insidertrading', 'cryptocurrency']"
https://www.tiktok.com/@stockbusterr/video/7318184508665220395,3 dividend king stocks with yields over 3% #stocks #dividendinvesting #stockmarket #fintok #dividendkings ,14500,"['stocks', 'dividendinvesting', 'stockmarket', 'fintok', 'dividendkings']"
https://www.tiktok.com/@stockbusterr/video/7315599521940114731,Nancy pelosi buys 5 million of nvidia calls. This is crazy ü§Ø #insidertrading #stocks #stockmarket #nvidia #fintok #investing ,390200,"['insidertrading', 'stocks', 'stockmarket', 'nvidia', 'fintok', 'investing']"
https://www.tiktok.com/@stockbusterr/video/7315200527909047598,Alibaba $BABA announced a dividend payment! Do you think theres still room for alibaba to grow? #alibaba #chinesestocks #stockmarket #investing #chinatiktok #stocks  ,46800,"['alibaba', 'chinesestocks', 'stockmarket', 'investing', 'chinatiktok', 'stocks']"
https://www.tiktok.com/@stockbusterr/video/7314816819171183918,2 diamonds in the rough stocks that could make a big move  #stocks #investing #stockmarket #fintok ,29000,"['stocks', 'investing', 'stockmarket', 'fintok']"
https://www.tiktok.com/@stockbusterr/video/7313360413972942126,3 dividend cash machiens that will pay you! #dividendstocks #stockmarket #fintok #investing #dividends ,65500,"['dividendstocks', 'stockmarket', 'fintok', 'investing', 'dividends']"
https://www.tiktok.com/@stockbusterr/video/7312225367471705386,Different screeners for finviz pt 5 #stockscreeners #stocks #stocktrading #investing #stockmarket ,8801,"['stockscreeners', 'stocks', 'stocktrading', 'investing', 'stockmarket']"
https://www.tiktok.com/@stockbusterr/video/7311506493432532270,A bill was proposed to ban hedge funds from buying and owning single family homes  #hedgefunds #realestate #fintok #fyp #housingmarket ,243100,"['hedgefunds', 'realestate', 'fintok', 'fyp', 'housingmarket']"
https://www.tiktok.com/@stockbusterr/video/7311129630713351467,This oil stock is one to watch #oilstocks #stockmarket #stocks #investing  This is a paid sponsored video so make sure to do your own research  Disclaimer: https://stockresearchtoday.com/this-exploration-and-production-company-is-fueling-the-future/,10200,"['oilstocks', 'stockmarket', 'stocks', 'investing']"
https://www.tiktok.com/@stockbusterr/video/7310758147852127534,Will Disney have a magical run? A lot of things to look forward to #disney #stockmarket #stocks #investing #bobiger #fintok ,13000,"['disney', 'stockmarket', 'stocks', 'investing', 'bobiger', 'fintok']"
https://www.tiktok.com/@stockbusterr/video/7310366652506443051,These 3 stocks pay warren buffet BIG money  #warrenbuffet #stocks #stockmarket #investing #fintok #dividends ,97200,"['warrenbuffet', 'stocks', 'stockmarket', 'investing', 'fintok', 'dividends']"
https://www.tiktok.com/@stockbusterr/video/7309978158105939246,These 3 have crazy potential with the halving coming in 2024 #bitcoin #stocks #stockmarket #investing #fintok ,43500,"['bitcoin', 'stocks', 'stockmarket', 'investing', 'fintok']"
https://www.tiktok.com/@stockbusterr/video/7309652241324002603,Some big news for Li-Ft Power recently! Theyve seen good results with their yellowknife project so far!  This is a paid sponsorship so make sure to do your own research!  #stocks #lithiumcompany #stockmarket #investing ,4589,"['stocks', 'lithiumcompany', 'stockmarket', 'investing']"
https://www.tiktok.com/@stockbusterr/video/7309610663754747178,Website you need for the stock market pt 11 #stockmarket #fedwatch #stocks #investingtools #investing ,6313,"['stockmarket', 'fedwatch', 'stocks', 'investingtools', 'investing']"
https://www.tiktok.com/@stockbusterr/video/7308914526366371118,Big investors were buying up gamestop shares in Q3  #gamestop #shortsqueeze #stocks #fintok #stockmarket #investing ,33400,"['gamestop', 'shortsqueeze', 'stocks', 'fintok', 'stockmarket', 'investing']"
https://www.tiktok.com/@stockbusterr/video/7308547972424338731,Jeff bezos hires elon musk  #spacex #amazon #elonmusk #jeffbezos #fyp ,13400,"['spacex', 'amazon', 'elonmusk', 'jeffbezos', 'fyp']"
https://www.tiktok.com/@stockbusterr/video/7308171552573590830,Alaska Energy Metals is looking to capitalize on the boom for nickel. Theyve seen consistent results in their mining and have plans to expand. #stocks #miningstocks #nickelstocks #stockmarket #investing  This is a paid sponsorship between stockbuster and a 3rd party company.  Disclaimer: https://financialgambits.com/special-report-alaska-energy-metals-tsxv-aemc-from-the-maven-letter/,6645,"['stocks', 'miningstocks', 'nickelstocks', 'stockmarket', 'investing']"
https://www.tiktok.com/@stockbusterr/video/7307380139946478891,"This trader turned $500,000 into $3.5 million in 24 hours ü§Ø #insidertrading #stocks #stockmarket #fintok ",638200,"['insidertrading', 'stocks', 'stockmarket', 'fintok']"
https://www.tiktok.com/@stockbusterr/video/7307017488456240426,3 stocks under $10 with an attractive dividend #dividendstocks #investing #stockmarket #dividendinvesting ,539700,"['dividendstocks', 'investing', 'stockmarket', 'dividendinvesting']"
https://www.tiktok.com/@stockbusterr/video/7305949770508422443,Different screeners for finviz pt 4 #finviz #stocks #stockmarket #investing #stockscreeners ,4713,"['finviz', 'stocks', 'stockmarket', 'investing', 'stockscreeners']"
https://www.tiktok.com/@stockbusterr/video/7305174283335093546,3 elite dividend paying stocks  #stocks #dividends #dividendstocks #investing #dividendinvesting ,21500,"['stocks', 'dividends', 'dividendstocks', 'investing', 'dividendinvesting']"
https://www.tiktok.com/@stockbusterr/video/7304466494715465006,These augmented reality stocks can change the game. #augmentedreality #stocks #stockmarket #investing ,6273,"['augmentedreality', 'stocks', 'stockmarket', 'investing']"
https://www.tiktok.com/@stockbusterr/video/7303720879392034090,3 AI stocks that are the future  #stocks #ai #aistocks #stockmarket #investing  ,117200,"['stocks', 'ai', 'aistocks', 'stockmarket', 'investing']"
https://www.tiktok.com/@stockbusterr/video/7303330294466317614,This mineral exploration company is one to watch This is a paid sponsored video so make sure to do your own research   #stockmarket #lithium #miningcompany #pennystocks  ,7632,"['stockmarket', 'lithium', 'miningcompany', 'pennystocks']"
https://www.tiktok.com/@stockbusterr/video/7302946665466514731,Website you need for the stock market pt 10 #stocks #stockmarket #investing #money #fintok ,11300,"['stocks', 'stockmarket', 'investing', 'money', 'fintok']"
https://www.tiktok.com/@stockbusterr/video/7302628756139740462,These stocks are proven to give good returns #stocks #stockmarket #investing #fintok #investingforbeginners ,106700,"['stocks', 'stockmarket', 'investing', 'fintok', 'investingforbeginners']"
https://www.tiktok.com/@stockbusterr/video/7302251199514807595,Warren buffets portfolio activity for Q3 was released. Some big positions sold off and there were some huge adds. #warrenbuffett #stocks #stockmarket #investing ,26700,"['warrenbuffett', 'stocks', 'stockmarket', 'investing']"
https://www.tiktok.com/@stockbusterr/video/7301475753185561899,3 cybersecurity stocks that are the future #stocks #cybersecurity #stockmarket #investing  ,9795,"['stocks', 'cybersecurity', 'stockmarket', 'investing']"
https://www.tiktok.com/@stockbusterr/video/7301068261385342250,3 dividend stocks to buy for consistent income  #dividendstocks #stocks #stockmarket #investing #fintok #dividendinvesting  ,65200,"['dividendstocks', 'stocks', 'stockmarket', 'investing', 'fintok', 'dividendinvesting']"
https://www.tiktok.com/@stockbusterr/video/7300336486992448810,3 recession resistant stocks/ETFs for a multi-asset portfolio. Diversification is key  #etfs #stocks #stockmarket #gold #berkshirehathaway #investing #fintok ,11400,"['etfs', 'stocks', 'stockmarket', 'gold', 'berkshirehathaway', 'investing', 'fintok']"
https://www.tiktok.com/@stockbusterr/video/7299952602974915882,This stock in the S&P has given the highest return in the past 20 years. Its not apple or tesla  #stocks #stockmarket #investing #fintok #stocktok ,37200,"['stocks', 'stockmarket', 'investing', 'fintok', 'stocktok']"
https://www.tiktok.com/@stockbusterr/video/7299591007497407790,Some people ask me why i use multiple time frames. Different time frames give you info or confirmation needed to have an idea where price is headed. #stocktrader #stocks #stockmarket #stocktradingtips #stocktradingforbeginners ,2510,"['stocktrader', 'stocks', 'stockmarket', 'stocktradingtips', 'stocktradingforbeginners']"
https://www.tiktok.com/@stockbusterr/video/7299212130912423214,Website you need for the stock market pt 9 #stockmarket #stocks #investing #fintok #investingtips  ,10100,"['stockmarket', 'stocks', 'investing', 'fintok', 'investingtips']"
https://www.tiktok.com/@stockbusterr/video/7298858032576957738,Screeners for finviz pt 3 #finviz #stockscreener #stocks #stockmarket #investing #fintok ,3494,"['finviz', 'stockscreener', 'stocks', 'stockmarket', 'investing', 'fintok']"
https://www.tiktok.com/@stockbusterr/video/7298471338749005099,Elon musk just released the ChatGPT killer Grok #grok #ai #chatgpt #fyp #chatgptai ,30700,"['grok', 'ai', 'chatgpt', 'fyp', 'chatgptai']"
https://www.tiktok.com/@stockbusterr/video/7298072803473886510,Lithium mining company to watch. Li-FT power specializes is exploration of minerals and specifically going after lithium. This is a paid sponsored video so make sure to do your own research  #stocks #lithium #mining #stockmarket #investing ,4952,"['stocks', 'lithium', 'mining', 'stockmarket', 'investing']"
https://www.tiktok.com/@stockbusterr/video/7297773838597770542,Warren buffet might be expecting a huge downturn in the markets so he might be holding this much cash to get ready to buy assets #assets #stocks #bonds #stockmarket #investing ,10900,"['assets', 'stocks', 'bonds', 'stockmarket', 'investing']"
https://www.tiktok.com/@stockbusterr/video/7297344043732700459,Different screeners for finviz pt 2 #shortsqueeze #stocks #stockmarket #investing ,3945,"['shortsqueeze', 'stocks', 'stockmarket', 'investing']"
https://www.tiktok.com/@stockbusterr/video/7297026449985260842,SBF facing up to 110 years in prison ü§Ø #sbf #crypto #cryptonews #bitcoin #sambankmanfried #fyp ,7627,"['sbf', 'crypto', 'cryptonews', 'bitcoin', 'sambankmanfried', 'fyp']"
https://www.tiktok.com/@stockbusterr/video/7297013586147151146,IRS announces contribution limit changes for IRAs and 401k for 2024 #ira #rothira #investing #retirment #401k #fyp ,8622,"['ira', 'rothira', 'investing', 'retirment', '401k', 'fyp']"
https://www.tiktok.com/@stockbusterr/video/7296573051053919531,This person put $1000 and split $100 between the top 10 cryptos. The returns are better then you think  #crypto #cryptok #cryptoinvesting #cryptonews #bitcoin #ethereum ,45100,"['crypto', 'cryptok', 'cryptoinvesting', 'cryptonews', 'bitcoin', 'ethereum']"
https://www.tiktok.com/@stockbusterr/video/7295874526855089454,Ai is going to change the investing game #ai #fintok #investing #stockmarket #stockmarkettips #stocks ,18400,"['ai', 'fintok', 'investing', 'stockmarket', 'stockmarkettips', 'stocks']"
https://www.tiktok.com/@stockbusterr/video/7295490522179783979,Huge week for the stock market. I expect a lot of volatility #stockmarket #stocks #stockmarketnews #investing #stocktok ,7894,"['stockmarket', 'stocks', 'stockmarketnews', 'investing', 'stocktok']"
https://www.tiktok.com/@stockbusterr/video/7295182933894204714,Gold price is surging and we could be on our way to all time highs! #gold #goldtrading #investing #fintok #invest #goldinvestment  ,12900,"['gold', 'goldtrading', 'investing', 'fintok', 'invest', 'goldinvestment']"
https://www.tiktok.com/@stockbusterr/video/7294718012450442539,$600 on $TESLA overnight  Hit the link in my bio to learn how to trade #stocks #stocktrading #tsla,2477,"['stocks', 'stocktrading', 'tsla']"
https://www.tiktok.com/@stockbusterr/video/7294000013422873902,Different screeners for finviz pt 1 #stockscreeners #stocks #stockmarket ,2746,"['stockscreeners', 'stocks', 'stockmarket']"
https://www.tiktok.com/@stockbusterr/video/7293662080983452970,Website you need for the stock market pt 8 #stocks #stockmarket #investing ,4041,"['stocks', 'stockmarket', 'investing']"
https://www.tiktok.com/@stockbusterr/video/7292596223037541674,95% of NFTs are worth 0 ü§Ø #fyp #crypto #nft #greenscreen ,8102,"['fyp', 'crypto', 'nft', 'greenscreen']"
https://www.tiktok.com/@stockbusterr/video/7292174937065033006,4 ways to value a stocks #stockmarket #stocks #investing ,47200,"['stockmarket', 'stocks', 'investing']"
https://www.tiktok.com/@stockbusterr/video/7291803970593492266,3 stocks to buy on EVERY dip  #stocks #stockmarket #invest #money ,1100000,"['stocks', 'stockmarket', 'invest', 'money']"
https://www.tiktok.com/@stockbusterr/video/7291776666974719278,Website you need for the stock market pt 7 #stockmarket #stocks #investing ,6332,"['stockmarket', 'stocks', 'investing']"
https://www.tiktok.com/@stockbusterr/video/7291098162595450155,Penny stock to watch. Avalon has access to the first ever Ai breathalyzer test and making strategic acquisitions to driver revenue. This is a paid sponsorship so make sure to do your own research.  Disclaimer:  https://stockresearchtoday.com/breakthrough-fusion-gene-map-technology-announcement-takes-hold-of-15-billion-leukemia-treatment-market/ #pennystocks #stockmarket #stocks #invest #greenscreen #greenscreenvideo ,8022,"['pennystocks', 'stockmarket', 'stocks', 'invest', 'greenscreen', 'greenscreenvideo']"
https://www.tiktok.com/@stockbusterr/video/7291024827433946410,How to research an ETF #etf #stockmarket #stockmarkettips ,3927,"['etf', 'stockmarket', 'stockmarkettips']"
https://www.tiktok.com/@stockbusterr/video/7290726656447171883,NeuroOne‚Äôs product revenue is up a crazy amount! They are looking to disrupt the medical device field This is a paid sponsorhip so make sure to do your own research! #stocks #stockmarket #investing  Disclaimer: https://stockresearchtoday.com/behind-the-miracletherapies-of-neuroscience/,2286,"['stocks', 'stockmarket', 'investing']"
https://www.tiktok.com/@stockbusterr/video/7290680981806222634,Website you need for the stock market pt 6 #stockmarket #investing #optionstradingtips ,7863,"['stockmarket', 'investing', 'optionstradingtips']"
https://www.tiktok.com/@stockbusterr/video/7289955018516548906,Replying to @Sugey G. Mendoza if anybody wants a full tutorial on how to do all of this with what everything means let me know - just wanted to make this short and to the point.,1374,['/@_sugey15_']
https://www.tiktok.com/@stockbusterr/video/7289588152858168618,3 things you should know when trading options #options #stocks #stockmarket #optionstrading ,136100,"['options', 'stocks', 'stockmarket', 'optionstrading']"
https://www.tiktok.com/@stockbusterr/video/7288065956075605290,Website you need for the stock market pt 5 #stocks #stockmarket #stockmarkettips ,8181,"['stocks', 'stockmarket', 'stockmarkettips']"
https://www.tiktok.com/@stockbusterr/video/7286274847733321003,"Stock trader thrned $51k into $500,000 in a day #stocks #stockmarket #stocktrading #stockmarketnews ",8667,"['stocks', 'stockmarket', 'stocktrading', 'stockmarketnews']"
https://www.tiktok.com/@stockbusterr/video/7286213495564078378,3 stocks im buying this month #stocks #stockmarket #money ,61600,"['stocks', 'stockmarket', 'money']"
https://www.tiktok.com/@stockbusterr/video/7285467990370454830,3 dividend stocks that have a yield of 5%+ #stocks #stockmarket #dividendstocks ,6106,"['stocks', 'stockmarket', 'dividendstocks']"
https://www.tiktok.com/@stockbusterr/video/7284387693201706286,How to read a stock chart pt 4. Follow for pt 5 #stocktrading #stocks #stockmarket,2248,"['stocktrading', 'stocks', 'stockmarket']"
https://www.tiktok.com/@stockbusterr/video/7284355056651144494,"This trader from the 1950s turned $10,000 into $2 million #stocks #stockmarket #stocktrading ",17900,"['stocks', 'stockmarket', 'stocktrading']"
https://www.tiktok.com/@stockbusterr/video/7283975235643215147,First Ethereum Futures ETF approved. This is only the start of mainstream adoption. SPOT ETFs up next #crypto #cryptonews #fyp #ethereum ,5730,"['crypto', 'cryptonews', 'fyp', 'ethereum']"
https://www.tiktok.com/@stockbusterr/video/7282864315441630510,US debt passed 33 Trillion and its only going up #economy #money #usdebt #fyp ,20800,"['economy', 'money', 'usdebt', 'fyp']"
https://www.tiktok.com/@stockbusterr/video/7282184600498064683,Billionaire Bill Ackman says interest rates will only increase  #economy #stockmarket #bonds ,1559,"['economy', 'stockmarket', 'bonds']"
https://www.tiktok.com/@stockbusterr/video/7281774380584127786,The greatest trades of all time. People have made some serious money. #money #trading #stockmarket #crypto ,13300,"['money', 'trading', 'stockmarket', 'crypto']"
https://www.tiktok.com/@stockbusterr/video/7281386454612315438,"$22,000 into $10 million overnight is crazy. #stocks #stockmarket #insidertrading ",642600,"['stocks', 'stockmarket', 'insidertrading']"
https://www.tiktok.com/@stockbusterr/video/7280685349062380842,Best websites for stock market insights #stocks #stockmarket #investingforbeginners #investing ,6880,"['stocks', 'stockmarket', 'investingforbeginners', 'investing']"
https://www.tiktok.com/@stockbusterr/video/7280273932706417962,Returns for the past 10 years ü§Ø Bitcoin leading the way #bitcoin #assets #stocks #stockmarket,18000,"['bitcoin', 'assets', 'stocks', 'stockmarket']"
https://www.tiktok.com/@stockbusterr/video/7279552519229967659,US Treasury Yields since 1990.. #bondmarket #bonds #economy #yieldcurve,2053,"['bondmarket', 'bonds', 'economy', 'yieldcurve']"
https://www.tiktok.com/@stockbusterr/video/7279228669971795242,Stocks im buying september 2023 #stocks #stockmarket #dividendstocks #investing ,10000,"['stocks', 'stockmarket', 'dividendstocks', 'investing']"
https://www.tiktok.com/@stockbusterr/video/7278777221085449514,Website you need for the stock market pt 4. #stockmarket #stocks #finviz #stocktrading ,3896,"['stockmarket', 'stocks', 'finviz', 'stocktrading']"
https://www.tiktok.com/@stockbusterr/video/7278447785131756842,Website you need for crypto pt 1. You can view what smart money on chain is doing #crypto #cryptocurrency #zapper ,1671,"['crypto', 'cryptocurrency', 'zapper']"
https://www.tiktok.com/@stockbusterr/video/7278081508882042154,3 dividend stocks every investor should own #stocks #dividendstocks #investing #stockmarket ,1503,"['stocks', 'dividendstocks', 'investing', 'stockmarket']"
https://www.tiktok.com/@stockbusterr/video/7278035633765993770,"4 Billion dollar crypto ponzi scheme. $100,000 bounty is up for the founder. #crypto #cryptocurrency #cryptonews ",5342,"['crypto', 'cryptocurrency', 'cryptonews']"
https://www.tiktok.com/@stockbusterr/video/7277687664013298987,Using AI to summarize companys financial statements. You can also plug in the balance sheets and itll summarize it for you. #ai #investing #stockmarket #chatgpt,17000,"['ai', 'investing', 'stockmarket', 'chatgpt']"
https://www.tiktok.com/@stockbusterr/video/7277321075497717035,How the stock market works #stockmarket #stocks #investing ,1213,"['stockmarket', 'stocks', 'investing']"
https://www.tiktok.com/@stockbusterr/video/7276953498695060779,Website you need for the stock market pt 3 #stockmarket #stocks #investing ,6423,"['stockmarket', 'stocks', 'investing']"
https://www.tiktok.com/@stockbusterr/video/7276567790650445102,3 high yield dividend stocks that pay you every month #dividendinvesting #invest #stocks #stockmarket ,230400,"['dividendinvesting', 'invest', 'stocks', 'stockmarket']"
https://www.tiktok.com/@stockbusterr/video/7275445464013589803,Best stock indicators for beginners #stocktrading #stockmarket #tradingindicators #stocks,1281,"['stocktrading', 'stockmarket', 'tradingindicators', 'stocks']"
https://www.tiktok.com/@stockbusterr/video/7274002886894292266,How to read a stock chart part 3 #stockcharts #stocktrading #stockmarket #tradingview ,2547,"['stockcharts', 'stocktrading', 'stockmarket', 'tradingview']"
https://www.tiktok.com/@stockbusterr/video/7273957987050458410,How to find the best APY on your crypto  #crypto #cryptocurrency #cryptoinvesting #cryptotrading ,949,"['crypto', 'cryptocurrency', 'cryptoinvesting', 'cryptotrading']"
https://www.tiktok.com/@stockbusterr/video/7273591676113866027,Website you need for the stock market pt 2 #stockmarket #stockmarkettips #stocks #forex,1659,"['stockmarket', 'stockmarkettips', 'stocks', 'forex']"
https://www.tiktok.com/@stockbusterr/video/7272824775137856811,Bitcoin ETF finally here? #crypto #cryptocurrency #cryptonews #bitcoin ,955,"['crypto', 'cryptocurrency', 'cryptonews', 'bitcoin']"
https://www.tiktok.com/@stockbusterr/video/7272467978409626923,Website you need for the stock market pt 1 #stockmarket #stocks #investing #stockmarkettips ,1656,"['stockmarket', 'stocks', 'investing', 'stockmarkettips']"
https://www.tiktok.com/@stockbusterr/video/7272124033670417707,Crypto gains are insane ü§Ø #crypto #cryptocurrency #bitcoin #ethereum ,614,"['crypto', 'cryptocurrency', 'bitcoin', 'ethereum']"
https://www.tiktok.com/@stockbusterr/video/7272095761645604142,Warren buffet on investing #warrenbuffett #investing #indexfunds,4733,"['warrenbuffett', 'investing', 'indexfunds']"
https://www.tiktok.com/@stockbusterr/video/7271782857599683882,Stocks that billionaires are buying and selling #stocks #stockmarket #hedgefunds #investing #wallstreet ,5293,"['stocks', 'stockmarket', 'hedgefunds', 'investing', 'wallstreet']"
https://www.tiktok.com/@stockbusterr/video/7271415561031028011,This ETF pays a weekly dividend #etf #dividendinvesting #stockmarket #investing ,11700,"['etf', 'dividendinvesting', 'stockmarket', 'investing']"
https://www.tiktok.com/@stockbusterr/video/7271388837564206378,How to view insider trading #stocks #stockmarket #investing #insidertrading,1611,"['stocks', 'stockmarket', 'investing', 'insidertrading']"
https://www.tiktok.com/@stockbusterr/video/7271036112905227563,How much  you need to invest to receive $100 a month in dividends #dividendinvesting #stocks #stockmarket #stockmarkettips ,17500,"['dividendinvesting', 'stocks', 'stockmarket', 'stockmarkettips']"
https://www.tiktok.com/@stockbusterr/video/7270996832518458670,4 recession proof stocks #stocks #stockmarket #dividendstocks #investing ,2087,"['stocks', 'stockmarket', 'dividendstocks', 'investing']"
https://www.tiktok.com/@stockbusterr/video/7270272143471004971,How to find hidden crypto gems  #cryptocurrency #crypto #cryptoinvesting ,1113,"['cryptocurrency', 'crypto', 'cryptoinvesting']"
https://www.tiktok.com/@stockbusterr/video/7269533977537563946,How to read a stock chart part 2 #stocktrading #stocks #stockmarket #stocktok ,4345,"['stocktrading', 'stocks', 'stockmarket', 'stocktok']"
https://www.tiktok.com/@stockbusterr/video/7269491856348761390,Warren buffet made some big moves in his portfolio #warrenbuffett #investing #stocks #stockmarket,5132,"['warrenbuffett', 'investing', 'stocks', 'stockmarket']"
https://www.tiktok.com/@stockbusterr/video/7269206807350889771,Inflation at its finest #inflation #economy ,41600,"['inflation', 'economy']"
https://www.tiktok.com/@stockbusterr/video/7269173591118269739,3 stocks im buying August 2023 #stocks #stockstobuy #stockmarket #investing #money ,3669,"['stocks', 'stockstobuy', 'stockmarket', 'investing', 'money']"
https://www.tiktok.com/@stockbusterr/video/7268805191896534314,How to predict the stock market #stocks #stockmarket #stockmarkettips #investing ,7989,"['stocks', 'stockmarket', 'stockmarkettips', 'investing']"
https://www.tiktok.com/@stockbusterr/video/7268456949866335531,How to read a stock chart part 1  #stocks #stocktrading #tutorials #investing #investingforbeginners ,2863,"['stocks', 'stocktrading', 'tutorials', 'investing', 'investingforbeginners']"
https://www.tiktok.com/@stockbusterr/video/7268042664195493162,Mysize is growing at a fast rate and looks to be well positioned for the future of AI. This is a paid sponsorship  Disclaimer: https://stockresearchtoday.com/emerging-ai-driven-measurement-solutions-company-poised-to-disrupt-38-billion-market #stocks #ai #stockmarket #wallstreet #investing ,1305,"['stocks', 'ai', 'stockmarket', 'wallstreet', 'investing']"
https://www.tiktok.com/@stockbusterr/video/7268021561020452142,Dividend aristocrats and dividend kings are proven to have long term sustainable growth  #dividends #stocks #investing #stockmarket ,1300,"['dividends', 'stocks', 'investing', 'stockmarket']"
https://www.tiktok.com/@stockbusterr/video/7267671629235293482,This guys predictions have been pretty close to accurate  #money #stocks #stockmarket ,1500000,"['money', 'stocks', 'stockmarket']"
https://www.tiktok.com/@stockbusterr/video/7267643719892045102,This is a HUGE misconception in the stock market for beginners  #stocks #stockmarket #investing #investingforbeginners ,1963,"['stocks', 'stockmarket', 'investing', 'investingforbeginners']"
https://www.tiktok.com/@stockbusterr/video/7266927026798464299,Crypto coins im buying august 2023 #crypto #cryptocurrency #investing #cryptoinvesting ,11900,"['crypto', 'cryptocurrency', 'investing', 'cryptoinvesting']"
https://www.tiktok.com/@stockbusterr/video/7266882383058865454,Using Ai to help with price action for trading #stocks #stocktrading #chatgpt #stockmarket ,7561,"['stocks', 'stocktrading', 'chatgpt', 'stockmarket']"
